gdp_per_capita,life_expectancy
1479.61525980543,61.713030523495
1329.80728479234,62.1679813169199
1520.21223076132,62.5912750961501
1538.90167917284,63.3306913582336
1493.81793829992,63.8572612837042
1344.10320999294,63.7664840026943
1522.3933455926,62.9799991857494
1628.31894446307,64.4870195456608
1510.74295082335,65.146290855385
1860.72769393488,56.0383356484355
1630.03944681121,56.3924518507367
1574.23056047232,56.6264388112566
1720.14027955102,57.036976441386
1798.34068458315,57.1498467555118
1680.03933212698,57.3644254011107
1765.9547879785,57.3625716910274
1796.66863273368,57.9878133945189
1599.39298291654,58.8557215483276
6262.04168490023,70.6580123695192
6012.51244365971,70.8964881164428
6066.72679100575,71.1128560080647
6668.2167280195,71.4312997859137
6638.48541455372,71.8398932674972
5722.48099531674,70.7265588103862
6681.70895180141,70.4041144889903
7931.61789279006,71.8760955992222
7479.68809103279,72.4446783578531
14402.4725779389,71.8641021665476
13297.7443496162,72.0516361154512
13637.1207205804,72.1731041595093
13815.3265154798,72.2210854022703
13938.2023201976,72.1292604830284
11925.7573950011,71.9394359303317
13833.3099303464,69.9228107471769
17355.8366579795,72.8322921090608
17582.2636796878,73.1716450013098
12596.9475064791,76.5755119772504
12874.7406922285,76.9703062304413
14339.8580613846,76.929788715597
16245.193864543,76.9764380835075
16551.8488917344,77.2659141936307
16595.9352698049,76.0162701269145
19239.8185020397,74.7232827859077
19548.6930479638,76.6522987292583
22699.5351734821,77.8967836493153
3219.68827173818,69.6305484421664
3269.98432817621,69.9484837084835
3505.10621501561,70.2729949393554
3515.76621670583,70.5486659921504
3543.32390703605,70.8424064605001
3250.74974734387,69.8801308490982
3765.51079786712,68.1790994839633
4113.00084852322,71.4304552508694
4313.64804240795,71.7962449795855
9657.52889618953,75.7926010192992
9928.67149927477,75.9870166732102
10526.6771695761,76.0789923585537
11394.4809001741,76.3914229383171
11578.2748298091,76.586261929345
11595.2940923559,76.5434376080231
13282.7636699758,76.1530093756951
13084.2848090909,76.6767834400676
13117.90954458,76.6595183258032
6589.77384002779,74.9511243848739
6683.18386893998,75.1559117663434
7241.92533795167,75.2396714880306
8045.94448809301,75.57828618156
8286.43967532333,75.7689690321509
8391.36838432689,75.6976393295064
9974.63640001599,75.2781418410849
10106.8725194012,75.9325409436903
10125.7668065643,75.8806830895266
6664.48716537469,74.9777768374826
6758.74015480622,75.1832269955477
7323.51023176133,75.2671640185859
8136.36881824421,75.6101241544348
8379.40686898285,75.8042877234534
8485.42025780464,75.7338497054699
10086.4785164265,75.3009806060199
10220.360503609,75.9610347461336
10239.674334039,75.9085643603807
34467.5766635134,81.5193991217567
35232.2695661265,81.9075874931284
37237.5363554552,81.8840085594743
40096.712205156,82.0027602577719
39212.5111497975,82.2804211551829
38234.5335889285,81.4873571657503
42967.2551656434,81.5839330415712
41446.4322827569,81.6212237452298
45068.7010930397,82.1920076156423
22676.9494565466,77.331142300321
22496.7758500912,77.6815195796899
23780.6167949133,77.8993049650609
25362.6758114579,78.0322195043255
24975.4166431436,78.3042683990405
24121.4791035767,77.1757484533311
27591.4108786977,76.7287266936821
27782.8616206223,77.8361130850842
29835.7180523654,78.3870183177038
6282.95418433325,73.7582707874779
5977.68550933388,74.0349273934992
6112.70276991575,74.4074945113083
5952.2500299061,74.5976698113306
6020.63670154835,74.821186588313
5733.41761868436,73.5589573506665
6623.35137698536,72.8874329657208
7247.60981221236,74.5786223390478
8571.4101866164,74.7987152767476
8004.56641973475,73.3424651216518
7653.97807124132,73.6922376190485
8560.70709859886,74.134211186205
8890.61596620106,74.3004387516548
9034.43209100317,74.5939674450224
8456.58174660206,73.1523738187621
9987.98864443054,72.1539007720004
11410.4415323006,74.1916033602425
12106.9240912296,74.7300564025194
30769.090644109,80.5708966220669
31462.4341209885,80.9530808081627
33391.9679020533,80.9303097853099
36054.3954466385,81.0317510064821
35374.6443827131,81.3194524901834
34698.4032089427,80.4414754678551
39214.3660784805,80.3071964400875
37962.8295010744,80.7129818383208
41392.0743803078,81.4114503796876
1815.53207965872,60.7449931085508
1635.50703091345,60.9861836667017
1706.44326854085,61.2296826870124
1823.31230335011,61.7825083062786
1893.88268968493,62.1379545505037
1685.09795088858,62.0663682854031
1757.35640223069,61.6086810439385
1897.94911362527,62.702271566254
1722.02197897444,63.3499447771075
917.999801798178,61.561793936137
900.498036025473,62.0038083727554
939.745532135346,62.3151956659401
977.345900504428,62.798544258222
984.570661558163,63.0898004183278
968.074022023344,63.0726319690016
1049.99987506014,62.5313735700637
1111.39185793698,63.8404458555462
1140.19606998258,64.7159054177481
36571.192904688,79.5243746239928
37055.7538854894,79.7243724353495
38782.9175406853,79.8538410660347
41079.7872699609,79.9668020572923
41351.4989053257,80.1994382042117
40219.1360185556,79.2043516940348
45211.9410454249,78.8000564470189
46655.1648590412,79.4313242226593
48708.4624685822,80.1500151183354
5572.51411128581,73.0330191420732
5560.96329446574,73.259443703247
6080.71326559023,73.4860165794436
6429.48761275569,73.7952368045971
6517.95432240943,74.0315931724484
6236.68120499036,73.29542288776
7366.1147382175,71.974522937271
7745.39306575372,74.251561351988
7964.73675347128,74.5209699459191
4494.44119703311,70.3718991784647
4467.69831583104,70.6142743615375
4853.16565473343,70.8311670216616
5111.82139451166,71.153328289214
5169.58132257986,71.3942743859044
4932.64621363092,70.7491565630532
5764.25548879941,69.6682599282971
6043.77728725502,71.6779222363782
6157.39821498709,72.0008209186498
1947.83629776554,60.2944946354402
1790.52401341516,60.5761664527178
1804.57402176769,60.818392907263
1869.41970744766,61.0740542759518
1878.13375771486,61.3259973798573
1735.42504387769,60.8180066140619
1857.19734593257,60.876535738179
1962.52152270807,62.1288641416852
1729.91982930792,62.4621643327349
1023.94411088699,63.8821179927396
1058.23347491943,64.3101407903027
1116.07416051941,64.6098588988294
1160.50418891873,65.172890099339
1194.07215693518,65.5828691146811
1179.86645615956,65.411479068422
1254.09572124934,64.8764634139942
1330.40253875948,66.3600605315493
1319.43444336952,67.0538318903115
1350.62840308024,62.6135498483383
1316.75105884171,62.9919508459629
1358.71074719415,63.2736954244909
1409.89867481954,63.7309311828708
1434.20463760134,64.0885399952044
1374.49201596905,63.8022749850664
1465.04691576142,63.4773799318061
1551.17381360191,64.8822902939527
1458.94469071737,65.4535223135408
8325.54664463079,76.0763839787839
8290.74162992553,76.293092854666
9131.37216704566,76.4176788737102
9959.6655103541,76.7784257230861
10112.2012892771,76.9982668440355
9869.54019951006,76.6937147799405
11755.4245358535,76.306088329774
12280.1075352976,76.9545802485126
12422.7253981593,77.130120543495
8758.631461288,74.7432221893097
8460.65543617298,74.6774848833781
9308.69617088017,74.8318087892113
9032.03848276062,75.052717198381
8830.22782156102,75.2042598654921
7445.29645309345,73.188934023043
8597.53194021339,71.8141668022872
9716.03266743823,74.647198943632
10838.827948659,75.6435293327332
8307.33369621788,74.5553955667316
7975.72164827005,74.5306460760941
8811.13555430764,74.7006534427421
8468.20128438484,74.8906731016397
8266.47471229954,75.0513524613511
6892.38171560913,72.8759217271338
7955.36133413771,71.4377016432982
9093.65274220086,74.4897262626476
10166.928671097,75.4986013301866
8616.95753415631,74.6505904118153
8301.80532535391,74.5894794269073
9163.64829375482,74.7614101353626
8875.74361403055,74.9760978010797
8654.9472124286,75.1319711493442
7240.29672376392,73.0747493617473
8382.42554035091,71.7449274626405
9482.77639942335,74.5684293540859
10593.1164302324,75.5699258379688
970.916596442798,63.3049002618176
963.946548212228,63.7237270680356
1030.33002221326,64.0339755156235
1072.37486063383,64.6022757660127
1104.18633151052,64.9724534415541
1088.70490856513,64.8323585417323
1161.529354921,64.267342334044
1273.78979194705,65.7631857632163
1220.23843928653,66.5161002597788
4282.04601624269,70.367705276385
4269.77006692862,70.6061841961247
4607.31736311311,70.8082905151177
4846.86334479652,71.1345010717806
4904.42291649615,71.3698556147386
4698.5175297673,70.7486800091755
5485.92472057214,69.6717843895896
5702.28344160279,71.6852818823469
5819.84086254913,71.9740048771462
736.645564029793,60.9921347017928
630.769855946827,61.4016938292427
635.47544942083,61.5795083857409
647.163397218355,62.3399876414984
654.940947912545,62.7974465200669
607.964753680008,62.8180995019214
643.369305022958,62.3799887227483
723.504638939919,63.4583102800447
697.171191535478,64.5178957936853
1843.92245982702,67.3495071977304
1892.70524039558,67.679193904199
2019.49853982875,67.9952915350318
2078.75738872105,68.2810033644819
2153.95427108494,68.5574256254118
2058.43459982702,68.040356336938
2302.44736874388,66.3662902978306
2424.15054696003,69.3010946755529
2443.40827649123,69.5963746571515
5108.83117786409,70.1511049169228
5080.74067722357,70.4289278068118
5232.29631554928,70.7097575308251
5509.55913785523,70.9403213532696
5371.48987165166,71.2438695042576
4707.81986084887,69.9110789555644
5575.27298626728,69.7113193479505
6383.39839256713,71.6918319737772
6063.05247657864,72.0839412410497
2802.63134980934,69.2873263613117
2832.83052598,69.5328376363007
2827.77247042523,69.8141316373328
2789.82637461637,70.0733668958653
2674.37046083008,70.417484585256
2381.42542469934,69.0506342866219
2719.53126773593,68.9280214782653
2975.95566292741,71.0055315443397
2797.40730719316,71.2758849884582
2799.45441811562,69.2515348606398
2828.10049044876,69.4961826399098
2822.35969144684,69.7772409464567
2784.50967675137,70.0368444388331
2667.55895258895,70.3800917806817
2375.4738441756,69.0090964026373
2712.78189413176,68.893103228232
2970.11428767476,70.965432550888
2792.71457545742,71.3194560888195
4599.80845420887,71.2072642315496
4600.22936847744,71.4424241214902
4973.53707967724,71.6599756723334
5240.73875711968,71.9601326916177
5310.45350032975,72.1896324078539
5096.7359040376,71.5214553857761
5966.0001578766,70.3957107787488
6205.5459977675,72.5175506717212
6347.75391928371,72.7431938727471
55534.4570291574,79.0036254654542
56416.7850235092,78.8800103845064
58555.8897810427,78.8688036246685
61228.195827322,78.9607960728398
63306.7999807977,79.1334134419141
62262.642409838,77.4498099795241
69412.9137512303,76.8657678890549
75613.4507146586,77.8327679594239
79326.9076599571,78.7328213732191
35772.5321374449,79.761947694534
36235.9988250637,79.8914226918914
37617.8631046886,79.931058371801
39539.1861151287,80.0281711116686
39718.0136147565,80.2450777215729
38704.9773091343,78.958047957323
43149.6072484462,78.5886217634772
44046.426245598,79.5215684599377
46672.5139916762,80.1615573011432
10334.0987006005,71.4795830574543
10776.87092047,71.7745690542754
11912.4763555956,72.1237658150048
12980.3425379993,72.4217850423792
12871.1657622001,72.6570116424877
11728.9524519274,72.5097097789427
13671.456548983,71.7699719301416
14298.1028214028,72.9049248661262
15151.4664915358,73.5646945094343
3721.79465162999,68.1166096033138
3853.8127301538,68.2856508563666
4096.99353767088,68.5192875005129
4245.78362603826,68.5825887890247
4170.32120953703,68.6421578303985
3666.08926363725,68.3568108792759
3649.53388709298,67.4810209240703
3888.62868011839,69.1004348993561
4153.19706628517,69.2745949035856
40767.6732069989,80.4400997313335
41511.1088722467,80.6112411501517
43134.0864740614,80.6650553844053
45528.3268108868,80.7442826647034
45864.970468297,80.9700933374947
44887.3835189149,80.0659140743109
50022.0389228787,79.7955815488505
51102.3562661077,80.1978532076615
53961.341810452,80.8228346378274
1508.88772064734,58.93626650033
1307.18884005457,59.2363562400827
1327.75746285089,59.5402350736624
1439.93370870327,60.2074724802348
1476.62187329691,60.5568008955552
1320.70911111119,60.5012070014439
1412.70908920903,60.2752505117259
1577.71627123527,61.3832880029503
1416.33353040951,62.1636298902791
10408.6618377241,71.1242805019157
10444.2724484059,71.3759850327933
11271.7930201063,71.6556194082548
12009.7862050813,71.8640735615265
11958.5107041682,72.0009607335469
10699.2911713647,71.8255552822673
12369.0639776112,70.7756825891382
13598.1107991474,72.3794678577605
14222.966048012,72.9007197557042
1570.54142462917,69.5110334122263
1722.90703415144,69.9184707063298
1956.06707554186,70.2904723380061
1988.3663331799,70.6523573971364
2067.05975687637,70.9975623145981
1957.20343722686,70.3622206982499
2273.72055798689,67.8215299767513
2385.08341578414,72.0115731308447
2532.37560051691,72.3247648783903
1570.54142462917,69.5110334122263
1722.90703415144,69.9184707063298
1956.06707554186,70.2904723380061
1988.3663331799,70.6523573971364
2067.05975687637,70.9975623145981
1957.20343722686,70.3622206982499
2273.72055798689,67.8215299767513
2385.08341578414,72.0115731308447
2532.37560051691,72.3247648783903
1635.04422604526,59.398721466191
1452.27420076776,59.8121001978138
1542.24464874276,60.1584015341066
1612.7355316349,60.7667275136709
1617.66888069241,61.1293218424873
1480.47864226138,61.1675270829902
1621.10097013513,60.7034363660672
1696.43999286939,61.8571795894802
1544.75911473464,62.6029134885664
1747.88416619556,58.9244569362249
1536.05359120559,59.3199433875513
1630.62595897119,59.6367115940116
1708.80108637029,60.2582610385453
1705.21463047615,60.6065912895076
1544.4411207735,60.6222294256854
1700.42199943914,60.1774746494858
1772.65535427221,61.2833535992957
1614.13902501696,62.0654798813283
1635.04422604526,59.398721466191
1452.27420076776,59.8121001978138
1542.24464874276,60.1584015341065
1612.7355316349,60.7667275136709
1617.66888069241,61.1293218424873
1480.47864226138,61.1675270829902
1621.10097013513,60.7034363660672
1696.43999286939,61.8571795894802
1544.75911473464,62.6029134885664
7434.5956962152,75.1754691734539
7404.71205158264,75.3404185539197
8053.63318157659,75.4810427213008
8559.82716365995,75.8220642064272
8647.39963930799,76.029480770985
8334.90582376743,75.2315516201179
9905.05583452615,74.7276149865895
10310.8668761078,76.0092804332746
10631.3167441564,76.1953051028563
10175.4094195078,71.9647545102466
10221.3659804648,72.1848945967683
10765.2662233504,72.3653447819616
11326.9339016063,72.6436120803356
11376.8233409998,72.8689103086688
10963.1756422364,72.1822239463873
12418.5659245064,71.2154841745704
12819.7448379733,72.9690157226638
13259.7098707258,73.3297162833404
565.569730408751,62.27
522.082215583898,62.646
525.469770891619,62.406
491.337221382603,62.443
496.6025042585,62.941
510.787063366811,61.454
356.496214115892,60.417
357.261152798144,65.617
413.757894705303,66.035
3981.72662261867,78.358
4168.37544462548,78.643
4614.0479692596,78.9
5365.48880180298,79.238
5460.4305086932,79.467
5370.77749956875,77.824
6413.28280828537,76.844
6846.42669381643,78.769
8575.17134637222,79.602
4685.05902729002,75.159
4424.98529027556,75.31
4554.66753957828,75.431
4577.21029180491,75.555
4468.45341883656,75.682
3743.5419522929,73.257
4160.55926736925,75.208
4961.55257664733,76.129
5364.02795022731,76.261
12727.4102651386,72.654
12843.3342903627,72.64
11863.6839452565,72.801
12552.0546868861,72.794
12886.1359517218,72.751
14489.2586563775,72.672
15236.1604875571,72.708
18017.4589383973,72.752
38654.9347203095,84.532
40129.8192007698,84.489
40672.9943348258,84.359
42819.7745797624,84.242
41257.8045846483,84.098
37361.0900666982,79.418
42425.6996756291,82.331
42414.0590092117,84.016
46812.4484486309,84.041
3213.90261080059,61.042
1807.95294072643,61.619
2437.25971190821,62.122
2538.59139143371,62.622
2189.85571407618,63.051
1449.92286669308,63.116
1925.87466082167,62.958
2929.69445467272,64.246
2309.53413042773,64.617
16077.6340769406,76.892
16556.8551801588,76.968
16965.7288273816,77.03
18273.4270684912,77.132
18896.3721832248,77.168
15369.6082250401,77.161
17348.6006987182,77.197
20105.1989085164,77.483
21494.5474000727,77.598
13679.6264980954,76.6
12699.9623137756,76.105
14532.5009308511,76.543
11752.7998922979,76.77
9955.97478680428,76.847
8535.59938004389,75.878
10738.0179223384,73.948
13935.6811110049,75.806
14187.4827252965,77.395
3512.39350276709,74.8707317073171
3524.42476874707,74.8682926829268
3869.05373867752,75.2170731707317
4196.00562301769,75.619512195122
4597.22887399548,76.2219512195122
4268.68093304583,73.3756097560976
4685.17997128509,72.2780487804878
6571.97445545099,74.7658536585366
8125.27395754003,77.4658536585366
27458.2253310273,75.405
27441.5296617282,75.54
28440.051963759,75.62
30082.1276448186,75.88
31096.2050738676,76.019
22855.9323200761,75.406
27200.0610793969,73.655
30559.5335346581,76.226
33984.7906198041,76.353
56739.0265346593,82.4
49888.0410842736,82.4487804878049
53901.7145392154,82.5
57196.4220783778,82.7487804878049
54972.7017885437,82.9
51791.540179984,83.2
60607.7788605166,83.3
64997.0136536475,83.2
64835.9199754535,83.0512195121951
43915.228020857,81.190243902439
45061.4993920192,81.6414634146342
47163.7425775142,81.6439024390244
51194.0749841299,81.6926829268293
49885.9947355204,81.8951219512195
48716.4098900349,81.1926829268293
53648.7190742245,81.190243902439
52176.6649141178,81.2951219512195
56033.573792065,81.5414634146342
5500.50364628486,72.349
3880.6852276838,72.568
4147.1981423222,72.694
4739.7943123408,73.016
4805.75371765917,73.29
4229.91064904503,70.312
5408.04535175023,70.999
7770.594223351,74.125
7133.02838048328,74.429
30719.405417469,73.805
30616.5363157284,74.042
31875.4881749619,74.031
32642.3353203452,74.062
33640.3369861278,71.408
26178.7537607708,72.994
30367.8605757708,70.752
34957.1613279737,74.491
38231.774484278,74.552
23734.0551143019,80.338
23800.001440631,80.407
24784.7693514607,80.407
26324.4066549559,80.412
27259.7438599327,80.471
24342.8444554718,78.683
27147.8083882286,78.083
30470.5219276023,80.992
29290.1284215098,81.284
1224.38647668165,70.543
1649.28380858601,71.075
1811.08221668646,71.606
1965.24372731467,72.122
2129.79896954606,72.625
2248.85078828233,71.421
2482.84917843357,71.103
2716.48592780431,74.265
2551.01773827307,74.672
18954.2913724506,76.055
19065.8069800213,76.168
19692.7606711615,76.237
20055.915870771,76.378
20583.7265786414,76.495
18347.1109131055,76.647
18696.7858952957,76.58
22164.0260273876,75.676
23804.0249914995,76.178
5967.05595058777,73.6243902439025
5039.77560949445,73.8268292682927
5785.54491935194,74.1292682926829
6360.037502312,74.1756097560976
6837.77339645635,74.2268292682927
6542.85579976768,72.1385609756098
7489.71894713888,72.0714634146342
7994.64806074889,74.1033658536585
7896.75388295584,74.1837804878049
40893.804537772,80.9926829268293
41854.5498296444,81.4390243902439
44035.3239358548,81.4926829268293
47487.2100392561,81.5951219512195
46716.6227467964,81.9951219512195
45906.2875805246,80.6951219512195
51658.238294958,81.790243902439
50822.2518538518,81.7487804878049
54690.0942734964,82.3975609756098
6154.49593498217,71.647
6142.49873185177,71.843
6072.58267640581,72.062
6031.28139580144,72.322
6190.04792278445,72.577
5227.19363786168,71.58
6122.61158580079,70.917
7068.45478269722,72.19
7459.99815132837,73.566
1002.41886879614,59.123
1010.5338961993,59.283
1054.97408066814,59.528
1151.7409703472,59.71
1130.82135339795,59.888
1200.19426631122,60.154
1318.65158107487,59.61
1266.42710981159,60.475
1394.17784663045,60.774
104855.366822135,80.338
108747.356144305,80.476
112339.425587467,80.686
113204.82210838,80.986
115798.040775578,81.251
106976.546239632,81.456
112765.08167306,81.745
121613.939983629,82.062
132604.439086216,82.309
2954.04081911097,70.797
3152.30905106786,71.119
3435.28804735662,71.413
3400.20417245342,71.711
3576.87987100503,72.005
3191.66906999331,72.253
3570.61257980872,72.448
3711.32767981591,72.754
3839.4093039286,72.975
2996.01289811344,67.205
3035.87347732132,67.392
3306.30301224425,67.536
3500.72642189887,67.699
3503.89601123129,67.82
3099.94219053514,62.906
3384.84486462654,61.427
3643.92826984604,67.434
3686.27996442176,68.581
4662.25883724069,77.073
4928.5665251728,77.124
5345.01985489192,77.385
6047.84584261133,77.942
6122.3753450882,77.394
6130.31133245161,76.04
7295.3438240957,74.567
7655.59421024383,76.777
8663.02322987879,77.85
6141.20394726616,63.215
6749.05994339013,64.32
7104.96401088027,65.42
7407.95940141786,66.371
7172.08956480028,67.167
6323.29749806946,67.643
7807.88794500125,63.303
8328.70905682185,68.749
7826.35376483298,69.163
8936.19661712113,75.106
8836.28652735657,75.081
10080.5092819305,75.383
9300.66164923219,75.633
9029.83326681073,75.809
7074.19378337644,74.506
7972.5366498646,73.038
9281.33334441234,74.872
10377.5892792557,75.848
30625.128732694,74.88
26663.2973199878,74.905
28024.3824618568,74.943
30988.1190497851,74.992
30426.5730284202,75.049
26834.3592463839,75.114
31006.9636220576,74.869
36632.9280421411,72.917
32890.5492465722,75.327
7268.65445473873,74.6146341463415
7822.49923292968,74.8121951219512
8696.68930427924,74.8146341463415
9872.38507789106,74.9634146341464
10372.8044341114,75.1121951219512
10769.9475699414,73.3560975609756
12972.2173356002,71.2121951219512
13999.6719197289,74.1609756097561
15883.8618545581,75.7073170731707
630.124750752312,58.778
663.742364842886,59.173
709.091535894695,59.578
777.465618514048,59.972
764.853077774946,60.184
825.237038782475,60.454
895.535288442991,60.046
836.118304593682,60.7
882.689810086163,61.092
280.966831311923,60.107
235.286205393908,60.789
236.694472592753,61.345
224.89939239264,61.806
210.236494521532,62.18
210.008139902508,62.569
214.091455416133,62.101
250.634225368744,62.882
192.074305359351,63.651
3415.06266730931,74.096
3608.96605234906,74.35
3893.09571382506,74.71
4294.96510035729,74.84
4380.78117331128,75.449
3539.22661248299,73.818
3971.44409203423,74.424
4323.31362032709,75.907
4861.29184126229,76.059
1547.32010444393,69.398
1675.19555711109,69.635
1826.35391688754,69.842
2036.67377566578,69.993
2225.87705485686,70.127
2081.73914242939,70.059
2167.40324198499,69.301
2325.03050040841,70.528
2429.74853452838,70.668
1415.00009710569,59.687
1441.7201725688,60.293
1496.08951771242,60.817
1610.69641591017,61.189
1555.22660476477,61.695
1555.60370660749,61.674
1672.32657340872,61.146
1604.87726954895,62.443
1736.86091073524,63.7
43594.1941045394,81.8258536585366
42314.0615817218,81.94
45129.628116623,81.8129268292683
46539.1761570405,81.8087804878049
46352.8693445211,82.1636585365854
43537.839298904,81.5351219512195
52886.6616372703,81.5168292682927
56256.8007264015,81.2453658536585
54220.3285039875,81.6465853658537
76379.2095108681,78.119
77802.2541567187,78.367
80053.9444506891,78.615
83865.5531568184,78.835
88254.2903677044,79.052
82338.7982853661,79.23
86438.445257404,79.3
92202.1478031576,79.984
97749.5078960846,80.358
366.322853938121,51.934
387.176203444318,50.999
432.324025684263,45.231
455.243962859534,52.297
449.228467602439,31.53
462.879071294011,50.596
492.263142830507,40.279
467.359825026238,18.818
495.978897288721,57.408
993.990730610869,51.32
861.831767630746,51.603
854.46120040098,51.875
948.656629871231,52.447
893.336441643325,52.993
866.947814890409,53.082
946.358500208374,53.136
966.036468278568,54.528
989.058528968588,55.069
61852.0735568957,81.4
55950.1482938989,81.2
55806.5708942966,81.0
60783.3529257544,81.1
60568.108347955,81.2
56785.9402005039,80.9
66912.1753241171,80.3
67627.3084478235,81.0
74589.1381155014,81.1
13433.9202987032,80.008
13649.8520452803,80.295
14879.9086227187,80.61
15659.4808675628,80.559
14495.716721687,80.324
13114.815470545,79.349
16206.8325493421,78.876
15405.6165774073,79.176
17067.0364799154,81.167
8175.33285077393,76.975
8254.86859320357,77.214
8979.67652709856,77.235
10085.6638148819,77.709
10342.9009524335,77.94
10627.4637989619,78.019
12887.4357242941,78.117
12970.6056414327,78.202
12951.1782397043,77.953
6248.51490534512,76.067
5959.84250367574,76.228
6479.53231292429,76.418
6816.96818309544,76.579
6472.54544924705,76.793
5339.68711357943,74.757
6222.62164397614,72.698
6680.44506854481,76.508
7000.83660501046,77.725
1329.3704808998,64.473
1365.48403353158,64.792
1423.92480215551,65.127
1540.71132331975,65.401
1519.26386326167,65.662
1527.16990927956,65.756
1587.72988601478,65.201
1533.87755332151,66.481
1682.20285095721,66.777
467.9145805459,58.658
442.310472110228,59.081
436.584534687385,59.495
528.256019777898,59.926
557.044161335917,60.242
507.521230077872,60.428
558.034077296358,60.044
642.612267148918,60.979
633.395661686298,61.895
2439.35189403696,63.662
2093.10728558843,63.911
2211.63309874797,64.203
2694.43413191427,64.472
2488.42466724916,63.152
1993.586671931,64.391
2516.16255145432,64.192
2620.83804304713,65.0
2477.97845477092,65.772
11714.7105980803,80.407
12091.0301606335,79.988
12317.0902771322,79.994
12590.2493781628,80.09
12884.6859951947,80.296
12394.0493969354,79.725
12838.1185359009,78.05
13625.9008491478,79.316
16942.0268119304,80.799
1814.71855088017,58.281
1862.59597081287,58.814
1964.29930338343,59.315
2130.86619381144,59.795
2141.76836170115,60.274
2179.72934832935,60.14
2455.98127626488,60.29
2333.37128334477,61.562
2554.67304885576,61.944
12285.3032582105,77.2756097560976
12821.1738140304,77.9219512195122
13902.6310485422,77.7268292682927
15460.4183295843,77.919512195122
15563.8167397199,78.2243902439024
14808.4620188819,77.5243902439024
17789.9304736722,76.4243902439025
18466.0955472648,77.5756097560976
21865.4562838641,78.4731707317073
7727.91997207998,77.745
8110.55873961397,77.571
8610.60829531998,77.3
8911.46205964193,77.426
9232.26115935183,77.413
9605.26125067263,77.407
19361.8130008678,76.482
18944.0961493998,76.322
18938.2440469703,76.423
19119.1243941688,76.493
19220.6865793075,76.492
16356.0933254541,76.501
17979.9982909306,75.686
20501.7522782219,76.729
21061.741639092,76.8
23487.228515625,81.464
24715.154296875,81.534
26696.990234375,81.543
29599.986328125,81.556
29703.052734375,81.454
28649.015625,81.23
33734.03515625,80.573
33894.44921875,80.434
36551.41796875,81.648
17931.5987670768,78.5780487804878
18753.9686718096,79.0268292682927
20913.197632212,78.9780487804878
23705.9329811299,79.0292682926829
24062.7190013343,79.2292682926829
23472.8915454417,78.2268292682927
27696.4619527544,77.2219512195122
28282.2236715857,78.9292682926829
31591.0568216357,79.8780487804878
53094.0133607574,80.7024390243902
54500.9260410217,80.8536585365854
57521.5514992225,81.1024390243903
61324.7665045565,80.9536585365854
59404.2663247723,81.4512195121951
60985.4885601514,81.6024390243903
69727.9873677012,81.4048780487805
68091.3191138669,81.3048780487805
68453.8769281145,81.8536585365854
2376.12554719873,62.833
2510.4300076241,63.335
2618.95521147369,63.71
2718.08338799203,64.105
2837.16902340932,64.381
2844.88810647853,64.2
3025.91126413549,63.83
3133.25779772463,65.54
3397.52015779588,65.987
8282.59874702141,69.968
8802.56172041363,71.189
8224.64896571414,68.62
9215.3085405645,71.378
9491.14995962374,71.305
7827.74842680426,71.269
8376.40414141113,69.832
9323.66089490562,71.081
9912.96212766668,71.132
6800.95309395474,72.982
7160.44200982307,72.889
7412.71571571512,73.37
7882.98221584944,73.555
8183.01623600375,73.112
7135.22273255899,72.636
8527.0754858205,71.757
10104.2449349081,74.211
10630.431743829,73.72
5976.1596805651,76.222
5917.63771271481,76.094
6233.32244797718,76.22
6303.91886658338,77.248
6205.05765246766,77.286
5463.64515348598,72.004
6061.32350181711,72.746
6515.58528418336,76.577
6737.84748379638,77.392
3306.98159414141,70.135
3270.6287768197,70.437
2395.10333299491,70.709
2484.70315630508,70.974
2962.98892023003,71.213
3511.11381026379,69.79
3827.35415374308,68.976
4233.30783744856,71.01
3456.78968456253,71.633
3790.34089108162,70.952
3901.34014965811,70.908
4020.12671373919,71.007
4183.54620971358,71.384
4320.11671534627,71.725
3997.19279583709,70.244
4642.60743101342,69.941
5074.60210221806,71.969
5365.44491399171,72.099
9068.91003238645,60.635
7453.19797948517,61.081
7809.10465655488,61.481
8102.47084834031,61.915
6804.14923073888,62.297
5764.05502912947,62.141
6945.63069794539,62.447
7589.29964909381,63.355
6677.793435386,63.707
17722.1557669523,77.590243902439
18666.3736521706,77.6414634146342
20851.5223496861,78.0926829268293
23618.1361254581,78.2439024390244
24021.2501413306,78.6463414634147
23933.9939421065,78.5951219512195
27953.7670230126,76.9439024390244
28451.1477825175,77.8439024390244
30133.304450454,78.490243902439
3420.75357067279,54.941
3239.80707501414,56.228
3853.99147918102,57.574
3973.46344933667,58.707
3913.12643969301,59.85
3454.784217446,59.862
3966.29863253832,58.228
3889.65276959161,63.028
3741.69010745416,64.123
621.845673808133,63.592
696.196084806324,64.162
745.632433925343,64.766
747.968003672674,65.257
828.709080522921,65.741
905.313159254148,65.969
910.947887074508,65.33
1011.07332413462,66.897
52635.0375463609,81.7926829268293
56875.2803813296,81.9926829268293
59387.353086482,82.1439024390244
62526.4908515743,82.2926829268293
63067.0695697911,82.4439024390244
62240.822409175,82.6439024390244
68749.4005557957,82.8439024390244
66139.3809716876,82.9439024390244
71774.3522353393,83.1439024390244
5097.53106864695,66.48
5363.79026679243,66.657
5826.84814459328,67.06
6085.41979485376,66.965
5950.82866866702,67.009
4844.42127154524,66.924
4696.17103944634,64.904
5405.03006162671,67.148
5888.73667332429,67.316
42560.3456767103,81.4804878048781
43451.2562442158,81.4292682926829
46085.0174739036,81.6317073170732
49654.2497035329,81.7341463414634
48358.1807773701,81.9829268292683
48828.6846862799,81.9317073170732
53099.1351400148,81.8853658536585
50440.560224974,81.1878048780488
52821.5114340717,81.6853658536585
36702.4323733379,82.3219512195122
37024.2157133669,82.5731707317073
38687.1626407164,82.5756097560976
41418.1766484844,82.6756097560976
40408.2848574751,82.8268292682927
39169.8606000707,82.1756097560976
43725.0999521245,82.3243902439024
41082.8119320747,82.1292682926829
44690.9345395117,82.9292682926829
19166.9594761931,82.339
19690.0775734589,82.555
20826.9312492172,82.774
21925.616043938,82.985
21582.5892046801,83.195
19966.4838503859,82.459
21982.9038942614,79.571
20738.6499971661,83.859
22774.1418988734,84.07
7047.12654634355,66.336
6677.07003901644,66.583
6921.73373135624,66.816
7624.2775233771,67.043
7441.1786472281,67.337
6605.80346077904,67.073
8181.40914134398,67.072
8409.20741452279,67.713
8071.39777400455,68.337
619.536364296461,62.971
650.056501323611,63.386
642.522641296331,63.708
696.219806960615,64.034
738.186751987483,64.427
720.335143352133,64.418
781.890925169531,63.847
836.244875582631,64.859
888.157407441902,65.86
4086.6223465965,73.241
4143.40125686315,73.136
4418.75206546679,73.435
4804.0546040444,73.985
4741.2832715876,74.165
4300.85701291207,73.509
5083.60695484577,71.635
6729.84659930283,74.141
8283.66960652261,74.496
41911.0109851054,80.6414634146341
42961.0356905775,80.990243902439
45526.5999576533,80.9926829268293
48874.8595028454,80.8926829268293
47623.8656074829,81.2926829268293
47379.765194548,81.0414634146342
52265.6541620571,80.790243902439
49686.1154582583,80.6080487804878
53940.4073447462,80.5414634146342
1722.77282833606,63.175
1912.47991339951,63.522
2012.28662641265,63.829
2195.32166016377,64.138
2186.65822682613,64.455
2195.45481659987,64.309
2445.18662529344,64.286
2229.89122647803,65.246
2383.90410483418,65.498
17980.7298238137,81.0365853658537
17919.2426377048,81.3878048780488
18631.9930129293,81.2878048780488
19873.4015238771,81.7878048780488
19335.3602002969,81.6390243902439
17886.733165236,81.2878048780488
20654.7001960815,80.0829268292683
20971.8349258283,80.7878048780488
23400.7278817691,81.5365853658537
44536.3549705377,71.4790243902439
48181.7453541266,71.8385365853659
50765.7494665372,71.9321951219512
54545.135857765,71.9675609756098
53309.2035905065,71.9443902439024
54812.6661771023,71.8507317073171
58135.9939910203,71.8139024390244
55635.0006491223,71.5404878048781
58498.9743142433,71.549756097561
8694.12438005692,75.037
9221.23461079424,75.01
9751.42661155932,74.977
10083.021279225,74.957
10462.7929159533,74.971
8968.55890108484,75.019
9622.24050459345,74.522
10535.4588771454,75.151
11308.2874249451,75.205
35165.7014644795,76.444
35930.6594898711,76.449
36779.0078903909,76.463
37195.9503070464,76.561
39274.9431424899,76.645
36482.9363953675,75.529
38074.8793745801,75.434
41833.1517132825,77.102
3893.50522093509,70.915
4060.13754974186,71.215
4324.99608157801,71.583
4352.94651790253,71.496
4511.99755157656,71.639
4477.61761796418,69.971
4912.62225721201,67.858
5358.70127494396,71.206
5758.30876298845,72.602
747.356966759448,57.899
711.996509782316,58.49
833.598621691121,58.715
933.273615633705,59.043
1031.34146480732,59.379
1053.66097696415,59.35
1244.96550477914,59.373
1416.59612011764,60.432
1555.49375806861,60.74
645.066837207039,60.071
679.665386626818,60.619
783.123186602022,61.148
808.531613218504,61.652
807.425524872835,62.161
836.26731423732,61.343
912.484104692847,61.653
873.437861875428,63.605
964.927554218909,64.085
5640.41560569466,67.719
5870.87823759835,68.069
6178.6650437298,68.543
6048.38697180418,68.829
6405.82443444562,69.067
6775.70939096303,67.751
9860.87014834386,64.323
17913.4928066879,69.888
20473.7002190617,70.18
1411.12684746796,63.224
1318.40268167953,63.325
1395.23945184461,63.832
1496.38048970156,64.077
1352.17204191532,64.328
1290.32538667383,63.773
1835.44394078496,62.613
1760.62635668777,63.948
1705.75808460999,64.936
2271.20265980349,71.323
2307.34468351082,71.615
2413.0076562942,71.805
2464.64241531918,72.001
2502.32744328073,72.124
2307.61494319511,70.864
2735.14751503977,69.492
3003.28996826399,72.715
3227.45762509776,72.884
42432.1619740441,84.2526829268293
43734.1980702999,84.2114634146342
46160.429791493,84.6956097560976
48537.5668888343,84.869756097561
48359.0011950597,85.1558536585366
46109.2299946609,85.4963414634146
49770.5642374739,85.5326829268293
48825.8441873536,83.6609756097561
50565.4647717265,85.2473170731707
12782.9412577973,75.5682926829269
13215.8605277789,76.0634146341464
14736.1668157258,75.8170731707317
16605.0570511887,76.0658536585366
17012.8598553199,76.3195121951219
16386.9308821258,75.419512195122
19030.628130329,74.0658536585366
18483.6366867035,75.8682926829268
22312.1790289763,76.7707317073171
52951.6815110898,82.4682926829268
61987.9263620283,82.2048780487805
72010.1490316258,82.6609756097561
74452.1890731447,82.8609756097561
68452.23622306,83.1634146341463
59023.5663465778,83.0634146341463
69178.4046960961,83.1658536585366
75121.0152280628,82.119512195122
79960.0961535662,82.6073170731707
1583.99815907985,69.326
1707.50892912243,69.709
1950.10468280866,70.068
1966.25455171679,70.415
2041.42863698585,70.746
1907.04251637669,70.156
2239.61384367482,67.282
2347.44829434623,71.698
2530.12031278204,72.003
3288.22269725538,69.52
3521.46943457574,69.733
3798.88326174526,69.953
3860.95353090726,70.08
4106.94856160358,70.349
3853.70288774146,68.817
4287.17313995098,67.452
4730.83484836107,70.925
4876.30774512252,71.146
4952.73355532178,75.907
5477.03712389913,76.155
5753.11544659399,76.396
4631.78709016514,76.621
3831.27894763337,76.855
2988.78122414716,74.141
4334.79268631354,73.752
4405.09291519791,76.799
4465.63766853306,77.654
4440.14189252367,69.977
4334.42096404188,68.683
4759.2846435467,69.788
5646.68932074742,71.116
5671.8568632942,71.245
4295.18945121228,69.651
4868.49431080783,70.704
6520.73154560584,72.037
5965.31835077761,72.324
64311.8234684057,81.4536585365854
64192.9418053178,81.6536585365854
72198.1076995377,82.1560975609756
80738.9628834696,82.2048780487805
81810.1926481407,82.7024390243903
86622.5067251295,82.4560975609756
103961.976350649,82.2536585365854
105234.511567597,82.509756097561
103887.800388081,82.8609756097561
84753.5187422732,80.267
82025.9454509241,80.391
83481.3038489014,80.506
89393.8244248812,80.614
87127.5517977404,80.74
79513.5330346598,80.591
94299.969348965,80.42
88328.548125887,80.956
36213.1041481958,82.0512195121951
37671.5389138798,82.4073170731707
41138.470964272,82.5512195121951
42362.6652754196,82.8024390243903
44250.6313628073,82.8048780487805
44575.5719045492,82.6487804878049
52270.9040241956,82.5
54949.621556429,82.7
52003.7200729997,83.1951219512195
30639.8829751432,82.5439024390244
31391.5692898108,83.2439024390244
32844.115660604,82.9463414634147
34904.1081923834,83.3463414634146
33812.788724868,83.4975609756098
32091.4866621366,82.1951219512195
36852.5425414951,82.6463414634146
35653.9042103495,82.7
39065.4244365633,83.7
5062.8955502426,72.214
5009.79448724295,72.052
5259.31332766957,71.879
5578.10347525832,71.606
5607.24299266608,71.532
4879.44025773374,71.452
5165.33782130331,69.085
6022.15339791763,71.481
6839.72502408181,71.479
34960.6393843385,83.7939024390244
39375.4731620781,83.9848780487805
38834.0529341227,84.099756097561
39751.1330982711,84.2109756097561
40415.9567649547,84.3563414634146
40028.7341726762,84.56
40094.5599795288,84.4456097560976
34065.6438962526,83.9963414634146
33836.1756271617,84.0412195121951
4042.75678097555,75.06
3986.71677010853,75.55
4065.61628749384,76.071
4145.43989673265,76.491
4170.1144003465,76.865
4022.0401356135,75.583
4183.49998326866,74.204
4332.25159897931,77.088
4466.08314208575,77.814
10196.1226255982,72.024
7475.56688689424,72.549
8943.08416791984,72.996
9472.48527327758,73.369
9457.12614657136,73.658
8781.50797787648,71.195
9983.60103576902,70.131
11255.3396437881,73.503
12879.4275257974,74.402
1489.11959777284,62.279
1554.12610314423,62.526
1667.48447230835,62.725
1836.45275528993,62.825
1960.40808854893,62.939
1927.66459027849,61.596
2061.35622089594,61.225
2109.56288513137,63.549
1952.30457929636,63.646
1639.85274740652,65.831
1742.66799324117,65.799
1853.05122713319,65.787
1912.73809378187,65.807
1750.9977188915,65.866
1751.7823197053,65.205
2222.04829512346,64.148
2069.76720110559,66.269
2177.70114080416,66.473
28737.4391706499,82.0243902439024
29280.4403170048,82.2756097560976
31600.7358741365,82.6268292682927
33447.1562836166,82.6268292682927
31902.4169048194,83.2268292682927
31721.2989141857,83.4268292682927
35125.5224984723,83.5268292682927
32394.6833725203,82.6804878048781
33121.3712885508,83.4292682926829
3520.62850699375,76.024
3759.44959067104,76.748
4009.31799347588,77.105
4384.18624084947,77.117
4415.99716107514,77.249
4310.89065548799,74.212
5270.42965289833,74.981
5290.94747224687,77.623
6221.20365212094,78.033
29882.2126867068,79.3765609756098
27323.6890643847,79.6775853658537
29047.6535822842,79.9160731707317
32067.9623689512,80.1063658536585
31707.8737464917,81.969756097561
25236.0755520534,78.7609756097561
34018.6342879647,78.7365853658537
39981.7690981957,80.5878048780488
34075.8490439847,83.1878048780488
1105.65193844261,70.6512195121951
1103.27489428412,70.9512195121951
1221.39046807082,71.2
1283.5203037417,71.4
1421.99927504102,71.6
1229.51766602907,71.8
1349.99730650542,71.9
1739.72018344174,72.0487804878049
2138.22210211478,72.2487804878049
2121.01339097363,66.688
2303.22156035363,67.014
2432.43059478511,67.345
2545.1075420815,67.594
2589.32081035237,67.911
2583.77730696131,68.339
2526.05105018529,67.807
2046.40440255621,68.715
2066.94979776957,68.964
13321.9753140616,74.4804878048781
13838.5266823272,74.580487804878
15132.4958333982,74.6292682926829
17252.1710428626,74.7829268292683
17294.9751600969,75.3878048780488
17564.2321549354,75.1853658536585
20261.8887788916,72.9804878048781
20227.2307431581,74.2780487804878
22675.5786295407,75.6780487804878
7714.1099998804,78.275
8089.012088155,78.306
8608.21084982387,78.192
9174.53666204759,78.263
8905.88005497437,78.208
5561.19166950397,76.299
4045.37391066234,73.65
3654.35845534878,78.003
3477.72489842684,77.817
1121.19851342518,51.83
992.491840678465,52.908
1069.36673247542,53.874
1170.65569702819,54.638
1082.05706777516,55.249
918.582577421982,55.133
1066.58643600093,54.209
1030.12579628833,56.812
916.282970463888,57.375
692.590082351257,59.248
714.613063145659,60.483
699.269095727404,60.777
692.203127129794,60.999
658.164180770507,61.232
616.787867006715,61.267
667.96610514319,61.166
744.617175237387,61.934
799.194470229642,62.163
7458.48917756374,71.644
7525.80299308216,71.799
9965.83236729757,72.721
11196.5854810844,73.151
9963.19489084483,72.941
6650.33810585348,72.388
4935.82787349801,72.062
5986.63694851258,74.462
6172.81246940233,69.339
167187.15730982,82.6560975609756
165375.491396259,82.2585365853659
170547.092298954,83.7463414634147
174988.775083446,83.0414634146342
166907.839305016,84.1609756097561
164671.093553454,81.6585365853659
201944.830335076,84.4024390243902
186821.881757157,84.1219512195122
207973.617746758,84.8414634146342
14269.8039878287,74.3219512195122
14934.2702840428,74.6707317073171
16800.1510246099,75.4804878048781
19247.2315367967,75.6804878048781
19608.7943945553,76.2829268292683
20428.6478157394,75.0292682926829
23870.4594851722,74.0365853658537
25085.784063499,75.6439024390244
27786.0057829276,76.9878048780488
105462.012584423,82.2926829268293
106899.293549552,82.6853658536585
110193.213797228,82.0951219512195
116926.759593905,82.2951219512195
112696.649059674,82.6390243902439
116860.02817236,82.1439024390244
134965.815442152,82.5975609756098
123719.658915996,82.9463414634147
131407.681364513,83.3585365853659
70070.2918001631,83.2243902439024
69074.0363049212,83.2756097560976
77704.9215312666,83.5268292682927
83761.8171798142,83.6780487804878
81967.699172769,83.9292682926829
36976.2561071429,84.1292682926829
45376.314586156,83.7292682926829
36909.9564090312,83.0804878048781
67476.5290813306,83.1804878048781
445.320069480568,63.362
453.970714522463,63.431
491.866848718929,63.433
500.45718552916,63.491
499.818837622534,63.504
450.771615201509,62.706
483.469463351371,62.516
503.514533472879,63.068
508.718427705736,63.632
539.605363240686,62.324
450.506105510719,63.163
495.769683367165,63.914
533.203173686705,64.464
580.889816066776,64.995
602.507478176106,65.216
617.447520802454,64.782
604.269751184515,66.037
602.343619809252,67.353
9648.6797937523,75.288
9476.53409809923,75.371
9862.54806612235,75.542
10901.8019954421,75.734
10920.191763972,75.9
9957.52626697613,76.057
10903.1116425938,73.917
11748.0919307944,75.444
11379.0851923557,76.657
9644.90655028145,78.607
9947.80744731739,78.913
10509.628805812,79.228
11423.2838427029,79.433
11740.2724029785,79.707
7393.8886543933,78.713
10176.143882547,78.052
11786.0091545343,80.76
12530.3602359683,81.041
838.11986940103,57.852
872.468587171653,58.286
924.057531692284,58.562
996.379292136901,58.873
971.949318638092,59.217
953.242943290974,58.858
1027.27345365357,59.116
969.72220560562,60.035
1035.86242628411,60.439
25529.6813131565,81.8975609756097
26459.0772054811,82.4536585365854
30317.2443357939,82.3463414634146
33382.2677502638,82.2487804878049
32421.9179753188,82.6585365853659
31833.596382464,82.0975609756098
38065.354346575,82.2585365853659
36224.2819955817,82.4487804878049
40182.4313854634,83.5073170731707
3764.34426229508,65.292
4229.80988911945,65.477
4592.83457628576,65.673
4858.12079054875,65.87
5292.33985502306,66.047
5661.96787336674,65.387
6258.61193705127,65.421
6322.82855503156,66.725
6678.34239060448,66.945
1554.94897871782,66.498
1565.76575722696,66.823
1615.00401327323,67.088
1722.93528854073,67.419
1767.072710621,67.64
1795.76459566714,66.794
1947.78918383313,66.762
1960.35240077424,68.281
2120.82318421747,68.484
9507.87133656424,74.3531707317073
9965.72531085228,74.3948780487805
10841.6847754844,74.5146341463415
11643.4605962124,74.4163414634146
11403.2527870674,74.2358536585366
9011.04288445023,74.1770731707317
9068.97300226707,73.680243902439
10223.7882316574,73.5146341463415
11182.186568616,73.4121951219512
10021.2386124039,74.431
9097.92397674769,74.376
9649.27816772402,74.261
10084.7937553679,74.301
10369.5553585271,74.53
8841.2707511328,70.449
10314.0506725979,69.75
11402.1410374782,73.973
13826.1306570122,75.069
2911.16211045292,65.306
2979.60119184048,65.576
3279.10779039285,65.761
3566.58690371125,65.943
3572.65918282222,66.196
3362.02793142215,65.878
3508.22356270221,66.152
3710.12448453257,66.961
3941.37247887414,67.198
2749.55137054338,70.118
2847.08794770479,70.179
3453.26727720294,70.375
4156.44981956646,70.236
4405.33418162155,70.181
4375.7788930524,69.914
5274.60582195352,68.991
5744.29618434435,71.546
6799.58594644576,71.198
170437.101188261,85.323
173604.753555915,85.63
170663.375247872,85.878
188298.315668437,86.084
193746.785647412,86.151
176891.886538492,86.089
223823.363960226,85.113
226052.001905201,85.746
256580.515122745,86.372
3838.92126989984,70.810243902439
3619.90026383792,70.2239024390244
3645.96708669551,70.5434146341463
4107.64288528468,70.8270731707317
4347.54610314873,71.0531707317073
4001.25193077703,71.3490243902439
4517.61578018785,71.6451219512195
4993.51487463495,71.9007317073171
5838.63108083902,72.1224390243902
6491.19280618646,76.6024390243903
6999.1358134109,76.5414634146342
7758.36921956034,76.6853658536585
8790.88152116679,77.8853658536585
8842.48528706869,76.6829268292683
7612.62845881291,75.9317073170732
9377.48879714989,73.8243902439024
9990.20444616996,76.1878048780488
12077.3747094687,77.5878048780488
3146.24780273438,72.894
3140.85546875,73.228
3296.52661132813,73.608
3501.69799804688,73.946
3508.09765625,74.245
3268.0302734375,73.133
3785.93627929688,73.385
3455.39624023438,75.161
3771.4462890625,75.313
610.563774706589,58.711
441.489734819071,59.455
470.93856305196,60.148
517.507260258101,60.79
519.09255091362,61.306
462.433876479921,61.39
509.907829475551,60.268
578.251663751351,63.011
622.985619320596,63.611
1166.73305546337,65.288
1229.19713515893,65.64
1272.82241830603,65.909
1298.21310320785,66.232
1425.98954211903,66.457
1490.21683548367,66.612
1242.72134419599,65.553
1158.05005034332,66.506
1233.19666209269,66.889
4774.10650865775,60.008
4395.68776162376,60.81
5143.96072323076,61.661
5308.60813408705,62.579
4731.9210318831,63.546
3878.58982993966,64.071
4412.8355693052,60.85
4349.79908493314,64.19
4187.60500350786,67.385
7703.43149943923,60.897
8724.30700255019,60.996
9613.41209082575,61.101
11408.6947593898,61.238
10776.8284610316,61.393
10695.6993301601,61.527
14989.6647450751,61.331
12896.4341046481,61.93
12754.1867566585,62.109
875.543635474862,67.374
877.256454696737,68.444
1034.28374906846,68.74
1179.19843190389,69.036
1203.14294706401,69.299
1154.21517578318,69.106
1252.75076731986,68.385
1385.91066274851,70.087
1382.33055769304,70.354
45793.8135434697,81.509756097561
46808.5291492503,81.5609756097561
49513.6817346384,81.7609756097561
53955.0770024266,81.8121951219512
53554.9007491475,82.1121951219512
53467.9277413737,81.3585365853659
60141.9880911492,81.309756097561
59123.318556487,81.6146341463415
64572.0059558854,81.9146341463415
30858.7237060533,77.206
30782.8544433514,77.359
32354.7102832901,77.504
34902.8968780031,77.557
33411.3358835672,77.262
33270.330597637,77.049
35311.5543551452,77.113
33516.363085906,77.698
38665.3723018158,81.6124390243903
40113.7195382428,81.6585365853659
42950.3841711138,81.8585365853659
43257.0769238879,81.7073170731707
42779.2298164101,82.0560975609756
41850.92032802,82.2560975609756
49689.498134519,82.2073170731707
48760.0381935936,81.9585365853658
48654.904227478,83.0048780487805
2074.45620634731,72.899
2131.68704828322,73.18
2182.61380995674,73.389
2035.16549390507,73.879
1958.62051528095,73.764
1938.44704754382,70.766
2138.38588469449,70.478
2322.89053964583,74.463
2609.44492072931,74.947
485.662574175279,58.85
502.706475406446,59.228
521.804130023434,59.524
578.568035680892,59.765
561.691304349698,60.031
579.512495758236,59.89
608.722439593808,59.542
609.745147661683,60.398
638.336080723299,61.183
2585.73360671797,51.939
2070.4127339595,52.189
1876.34027111773,52.397
2057.87944554011,52.669
2265.15520863056,53.009
2019.65706326224,53.072
2017.27486481527,53.455
2139.37478476974,54.079
1596.63696129001,54.462
5262.68671928674,75.4024390243902
5598.48622617967,75.4
5955.2973863451,75.9536585365854
6713.98925398989,76.6487804878049
6718.85826635458,76.6024390243903
6659.59651070776,74.3951219512195
7620.80296977508,73.2463414634146
7606.2375253797,74.4248780487805
8624.28400232117,75.3160975609756
17665.1007493109,77.36
24225.474169342,77.392
31225.6049960968,77.47
26509.3628379893,77.51
24496.6652122421,77.844
18220.8382427201,78.03
19455.50139424,78.16
23785.754590043,78.531
74809.9658049898,82.3048780487805
70867.3609970749,82.4073170731707
76131.8384032764,82.609756097561
82792.8427113304,82.7585365853659
76430.5889473338,82.9585365853659
68340.0181033702,83.209756097561
93072.8925119571,83.1634146341463
109269.520580298,82.509756097561
87497.3289297342,83.1121951219512
18808.3077921839,79.346
17110.1897460545,79.581
17820.0661809335,79.748
19901.7615642016,79.864
19180.1864152801,79.946
16784.8630630058,77.763
19403.4600160211,75.969
23223.5829405935,77.911
20972.4830886637,80.031
1380.47020838317,65.641
1424.69161195897,65.943
1519.23459514248,66.223
1569.33814626355,66.481
1390.41690981745,66.729
1278.39735206896,65.701
1455.31922370186,65.773
1538.3228133171,67.417
1365.16927410976,67.649
15690.759707372,69.07
16762.5723436534,69.046
16034.1342914889,69.019
16197.7265072415,68.989
15841.1956399595,68.982
14556.5872302158,68.689
13257.2063206433,68.563
14392.2011374514,68.922
15899.4246065324,69.269
14082.6548502728,77.583
14832.3611608191,77.772
15694.6297454295,77.901
16151.3273478476,78.266
16477.9066285687,78.514
13290.5608347594,76.33
15509.8069109784,77.004
17332.4360742988,79.324
18686.4050961265,79.594
2484.5963398603,64.473
2316.39479758492,64.7
2477.76530986323,64.923
2566.36833735041,65.114
2575.77274140393,65.331
2429.61134585269,65.075
2607.57861874444,64.358
3102.28968594061,65.274
2966.06830432055,66.134
5879.33792308671,73.454
5775.1596339946,73.487
6152.26711537703,73.45
6258.44991640954,73.627
5821.18199548637,73.668
5365.47220721191,72.72
5976.9317978996,68.108
6205.6259537937,72.319
6299.99026533643,73.844
6231.71150338894,75.732
6217.03599995447,75.951
6736.16693725487,75.958
6978.49121548627,76.018
7037.00803692604,76.275
6133.32552410183,73.832
6826.20255614477,71.596
7350.63034300417,76.834
7887.54185920108,77.74
2909.85818010301,69.45
2985.19564024046,69.49
3038.12124959289,69.966
3168.51036609727,69.761
3400.78949767074,69.68
3227.57910235199,70.097
3484.38593882819,66.675
3548.06930572116,69.472
3804.08274131097,69.833
12637.5220324406,77.4512195121951
12464.0121044827,77.8512195121951
13913.3415190124,77.7536585365854
15658.210586693,77.6024390243903
15874.5220531254,77.9048780487805
16150.9291009726,76.4
18635.5088812509,75.3512195121951
18891.213529396,77.1560975609756
22145.2643088909,78.5073170731707
19215.7813014347,81.1243902439025
19980.2808866516,81.1243902439025
21442.3842768879,81.4243902439025
23541.1401075289,81.3243902439024
23343.3628970034,81.6756097560976
22299.4044062173,81.3292682926829
24711.4510062111,81.3780487804878
24620.519556875,81.6317073170732
27386.2920595024,82.2804878048781
29242.041465085,80.677
29978.0889268918,80.355
30328.4871132804,79.07
30679.9181934488,81.086
31830.5284993358,81.438
31427.1130762831,80.009
32619.0704601174,79.77
35353.6821570014,79.427
36948.4036416846,81.69
68985.2946961507,81.785
61253.6375482797,82.147
63279.8556949332,82.458
71039.8490579352,82.714
66841.3013484919,82.945
51683.5054376677,80.409
71751.8831257169,81.083
88701.463352273,81.857
80195.8746508549,82.368
8977.01748158196,74.9121951219512
9404.54005870715,75.209756097561
10727.9822007426,75.209756097561
12502.2624061935,75.3585365853659
12992.0326104674,75.6073170731707
13082.3006559554,74.2536585365854
14986.7854904274,72.809756097561
15557.8826247584,75.1536585365854
18404.2730871704,76.6073170731707
9277.7138671875,71.1834146341463
8663.158203125,71.6512195121951
10658.9130859375,72.4514634146342
11211.8876953125,72.6621951219512
11447.701171875,73.0839024390244
10108.3271484375,71.3387804878049
12425.029296875,69.900243902439
15619.6142578125,72.5456097560976
14159.3876953125,73.2546341463415
733.998630392314,65.419
729.519134044611,65.733
758.300966737624,66.14
771.773511057901,66.354
810.051412137354,66.691
778.701498787411,66.953
829.544845639777,66.85
975.469323979541,67.528
1027.03446804432,67.785
4084.36083819933,71.06
4147.07097674888,71.003
4307.59381964907,70.991
4231.81409469194,71.052
4351.94234943706,70.269
4099.6600907147,70.727
3947.64517905415,71.096
3869.46639492144,71.55
4330.17840531329,71.698
43146.8240435428,84.596
44359.4797662688,84.775
45192.0279766943,84.933
47950.6880557136,85.095
46627.0122356944,85.257
44426.6463400658,82.65
54168.9828262684,83.539
54264.570495898,85.708
1298.10946596396,66.023
1434.87018050521,66.563
1555.79477812888,67.074
1825.59971753966,67.602
1935.2931816596,68.043
2167.22001796925,67.979
2362.58827248102,68.026
2389.73729784737,69.237
2940.93352926715,69.718
23256.1549553531,77.776
22267.7217050387,78.354
23929.2907135982,78.721
29360.0658968566,78.75
29566.7933827436,78.313
24338.8307301067,77.596
31920.7653655643,77.089
38510.2276211037,77.31
36156.848337701,78.732
1218.00613555438,66.451
1266.43957151587,66.724
1356.80518449031,67.059
1452.55612562445,67.379
1431.18128932159,67.668
1461.08720350553,67.496
1598.10676952274,66.868
1574.0281059306,67.788
1698.03387300843,68.683
5820.3215576888,75.2878048780488
5982.37030126471,75.6878048780488
6548.03653824187,75.5390243902439
7559.86165747394,75.890243902439
7755.632986437,75.9365853658537
8098.70955668849,74.4780487804878
9680.52798074468,72.780487804878
10022.9688543402,75.2365853658537
12281.5058488303,76.2209756097561
15333.1051727105,74.2951219512195
16566.9946042294,74.309756097561
17480.3651911372,74.3
18440.2340460932,72.8414634146341
19141.5118743615,74.0463414634146
14041.4754074575,77.2365853658537
14982.9111487767,73.3975609756097
16836.6721895387,73.7024390243903
18262.7115849287,74.9585365853659
964.575980888989,55.454
844.416411175476,56.937
779.186007841728,57.761
845.914540460932,59.059
844.049555179116,59.593
845.982914284565,59.694
886.192939104469,60.26
860.774590932595,61.275
757.848680560444,61.786
55645.6068614606,82.7439024390244
57005.5887176547,82.8463414634146
61236.251270627,83.0951219512195
66881.6067035265,83.2975609756098
65952.0378959293,83.5951219512195
61410.0792630788,83.5439024390244
80056.1288247844,83.0926829268293
90299.0694637269,82.8951219512195
85412.230345235,82.8951219512195
37839.6283815163,75.899
37308.6147795736,75.952
34701.3058494468,75.455
31708.3110124742,75.693
34861.469528968,75.68
30150.8998380477,75.002
32548.4366854902,74.505
36476.6300833859,76.18
38077.5444869761,76.371
16442.0760860018,76.5634146341463
16636.0769133073,77.1658536585366
17645.5298716761,77.1658536585366
19573.3717031314,77.2658536585366
19406.0589683582,77.6658536585366
19735.4858280801,76.8658536585366
22132.4483028948,74.6146341463415
21334.6011006572,76.9658536585366
24673.5482979144,78.0170731707317
20697.2748530619,80.7756097560976
21447.8377796036,81.1756097560976
23303.077705959,81.0292682926829
25888.0481065655,81.3780487804878
25814.1687167572,81.5292682926829
25392.0651093612,80.5317073170732
29187.369382785,80.6756097560976
28373.8382265999,81.2829268292683
32610.110922729,81.9780487804878
2045.47889485251,69.323
2082.62989047871,69.501
2143.57465243959,69.652
2278.20633913383,69.806
2223.66502559565,69.981
2063.33101522108,69.258
1996.86976779348,68.89
2005.4139933198,70.409
2076.10768772563,70.528
445.583080073396,55.056
460.928490585175,55.283
510.939952317726,52.19
509.525801898508,54.767
539.893931565407,57.249
518.184778494334,57.095
549.114742721701,55.703
573.128092472349,53.931
597.458854603043,58.816
6112.27382485974,64.053
5651.20585165749,64.749
6618.33508255701,65.422
6914.1780318076,65.726
6533.71121032856,66.071
5580.60383075189,65.15
6843.39941886204,62.01
6523.41097815853,65.454
6022.54254192335,66.139
1080.14718624765,39.757
25982.4416197775,82.8317073170732
26755.6061149398,83.3292682926829
28381.3425596906,83.2829268292683
30602.4212881113,83.4317073170732
29786.5245689007,83.8317073170732
27233.9426461608,82.2317073170732
30799.4775937775,83.1780487804878
30270.2687017458,83.1341463414634
33509.0127982139,83.8829268292683
4057.7158346231,75.99
4149.19190775593,76.136
4398.88828068715,76.239
4358.56095906047,76.485
4081.94772722003,76.698
3847.60137695639,76.928
3996.96240014909,76.278
3342.63650253855,77.3
3798.89016573011,77.483
20328.8003530109,71.211
21387.5415511103,71.227
22464.9899633959,71.284
22901.3816403197,71.336
23595.4923231291,71.54
18859.0190361046,71.181
18361.1449697886,69.271
20985.0112160159,70.313
22600.4502299468,72.145
10334.9860823918,72.932
10638.1269396653,72.552
11333.1123822102,72.522
11642.6984727769,72.655
11794.0597229805,72.249
8411.07474936367,72.308
10459.1321248092,69.119
13103.8243147472,72.67
13554.7684784933,72.697
19033.0594854512,80.078
21668.3740927942,80.206
7353.73556054184,70.463
7656.90042881178,70.7
7988.04445019298,71.013
8428.12677153069,71.017
8740.59425232061,70.994
8351.20324040982,69.605
8641.27904024443,69.132
9693.55867833025,71.191
10582.3656725229,71.23
1292.37963867188,64.375
1033.21594238281,64.677
966.505676269531,65.146
731.027465820313,65.501
709.975280761719,65.803
577.795227050781,65.124
712.122009277344,64.46
1046.24084472656,65.695
797.283447265625,66.331
8813.61705392067,70.567
5644.2061057532,70.979
6049.52128553675,71.247
6665.74180472239,71.468
6629.66775248603,71.773
4755.39221710693,72.321
5029.84838543953,68.943
6084.43876736445,73.254
5494.07409425517,73.631
51197.9529341175,82.2048780487805
51820.3972482676,82.3073170731707
53300.8587281785,82.409756097561
54181.9069780904,82.5585365853659
51773.0464558993,83.109756097561
52653.7565934247,82.3560975609756
61174.9680215622,83.0560975609756
55296.9371472535,83.0585365853659
55567.0890080496,83.309756097561
83806.4476003837,82.8975609756098
82153.0745447889,83.6024390243903
82254.3770471336,83.5512195121951
85217.3691512274,83.7536585365854
84121.9310304414,83.9048780487805
85897.7843338323,83.0
93664.7736696111,83.7512195121951
94394.5106803525,83.6048780487805
100631.802755125,84.0560975609756
847.731631942565,63.265
656.3490586313,65.19
851.502005254153,65.651
1098.0668642357,67.371
1109.53926036049,70.97
572.355289831901,71.944
663.614245706815,72.418
1051.67149587463,72.79
847.372723418531,72.12
956.916310930656,69.665
788.710481734485,69.982
829.45714764957,70.524
834.288404578801,70.737
871.022372934846,70.962
834.311715460625,68.605
896.748053372182,69.594
1052.17949484894,71.562
1178.47990060249,71.79
939.127319335938,63.928
953.0107421875,64.404
986.674011230469,64.963
1023.10626220703,65.488
1063.32250976563,66.007
1117.41528320313,66.771
1159.85656738281,66.131
1207.85302734375,66.879
1224.48962402344,66.995
5688.85335397884,76.563
5833.57715617098,76.769
6413.09182530343,76.989
7099.77650081458,77.19
7605.69657797759,77.197
6985.64393892574,77.331
7057.20754802279,77.606
6909.35281815827,75.291
7195.10130919449,76.412
1319.59297370991,65.326
1335.54390089814,65.61
1266.17767952941,65.898
1219.46599728983,66.204
1562.36458068032,66.496
1630.86938521256,66.919
2684.82702378987,66.199
2343.24523350389,67.368
1502.51964514186,67.689
751.052405084336,59.22
772.581787093976,59.669
792.765487219069,60.135
851.130806891807,60.601
826.260654099894,61.055
853.578220263722,61.123
939.613373786407,61.328
898.758154410712,62.29
985.697512629974,62.739
4123.90347238813,71.851
3987.98618837043,71.951
4365.92929788648,72.066
4638.8978542585,72.169
4676.84802517145,72.292
4700.44940541029,72.379
4912.57966349119,72.13
4933.07466930785,72.635
4863.76384632192,72.895
19887.2337359338,72.882
17449.1623528186,72.935
17578.6417765865,72.984
17575.8042838042,72.658
17293.4730123427,72.836
15358.8612973066,72.645
17679.1812561341,71.111
20874.37682915,73.331
18639.259241294,73.49
4014.94773686432,74.875
3847.80354448809,75.007
3619.03247319953,75.177
3628.10366464236,75.37
3528.87213306798,75.599
3548.65363663803,75.004
3906.93926319391,72.893
3708.8481241036,76.05
3950.3753419816,76.508
11049.9951100942,76.539
10970.0458948862,76.595
10695.550196231,77.037
9568.83506330228,77.454
9215.44049888114,77.737
8638.73903848102,76.525
9743.21277804855,75.722
10674.504157865,77.591
13105.6585004778,77.156
5759.497903834,69.061
5686.98040962764,69.142
5828.4816623489,69.19
6125.05169712085,69.272
6648.0348960628,69.405
6592.60146027748,68.846
7051.20211079213,69.353
8156.35211950774,69.913
8232.65225980002,70.073
25736.101625461,77.321
26946.4178520162,77.437
25614.8372710646,77.505
31625.616593277,77.596
31780.5217068989,77.691
20690.9160546118,77.499
27329.2885087196,77.234
31280.5418020808,77.918
35470.2151608295,78.008
3357.83417700071,65.365
3808.69755015909,65.51
4165.66338700106,65.683
4466.12034928245,65.871
5115.13075950206,66.109
4976.11254109571,66.357
5905.08198095343,65.824
5911.32727055301,66.852
6344.7750188689,67.105
862.934610355811,63.831
752.696571725656,64.494
765.218332297361,65.174
792.16570022814,65.775
822.171150141651,66.354
845.76646385001,66.41
882.791717442001,66.45
963.067314233497,67.675
1002.30913908852,68.252
2094.47387695313,72.686
2158.46118164063,73.389
2604.28759765625,73.993
3059.0517578125,73.569
3619.86157226563,73.92
3709.76928710938,73.283
4775.94580078125,71.631
4199.6708984375,72.658
5139.59814453125,73.422
43534.9972694631,82.076
41326.4018161569,82.195
42340.5917160161,82.388
45689.8570049401,82.449
44251.4541398817,82.596
37173.8754093066,81.936
43360.0211001327,79.083
49899.0652975197,80.487
49040.6947521035,82.909
44983.885522934,80.9560975609756
40988.1044233026,81.1560975609756
40629.2340347345,81.2560975609756
43315.4874501318,81.2560975609756
42794.0022648288,81.3691219512195
40404.8062238951,80.331756097561
46926.475736105,80.6473170731707
46062.9914079698,81.0112195121951
49200.8101526146,81.2380975609756
56849.4697923159,78.690243902439
57976.628204291,78.5390243902439
60047.7190728307,78.5390243902439
62875.6661382728,78.6390243902439
65227.9565911038,78.7878048780488
64401.5074354212,76.9804878048781
71307.4017277218,76.3292682926829
77860.9112908848,77.4341463414634
82304.6204272866,78.3853658536585
17125.9016800298,77.285
17009.7584207276,77.351
19184.6502617082,77.618
19249.9404677501,77.527
18315.7316980028,77.503
15757.5355995779,78.381
17881.818721099,75.434
20818.6146091144,76.468
23019.4221560046,78.138
2803.19018021751,71.33
2753.37951427589,71.58
2190.60411562888,71.737
1813.08530813664,71.999
2041.38480729431,72.093
1978.28051860763,71.461
2258.51964119278,71.681
2578.66689394219,72.147
2878.96879292451,72.388
2854.89412272653,70.163
2956.12644801489,70.397
3159.86055790126,70.5
3206.65748718811,70.626
3207.44650452083,70.783
3042.98711598286,70.385
3211.71947349318,69.952
3292.34108821237,71.302
3515.23633611798,71.477
2577.56885340113,73.955
2735.0604380416,73.984
2956.10992127753,74.026
3222.31003125366,74.1
3440.90025375434,74.211
3534.03953482647,75.383
3704.1935590038,74.145
4147.69777213621,74.502
4323.35031982451,74.588
34007.3529411765,79.0170731707317
35324.9748874586,79.1682926829268
35365.0693039774,79.3682926829268
36663.2087550584,79.5195121951219
38633.5298915336,79.6682926829268
39787.3741650202,79.819512195122
42571.0777368471,80.0682926829268
44320.909185774,80.319512195122
3272.15432360708,74.577
3527.61382413178,74.917
3620.36048715937,75.216
3562.33094270256,75.38
3656.85827137011,75.811
3233.56863835858,74.998
3678.63565662194,73.89
3799.95527015163,76.662
3455.02852911712,65.17
1362.17381205593,66.761
975.359417003225,67.105
811.165970405745,67.12
633.887202450998,65.915
1295.87788680068,60.728
1239.08527877713,61.129
1483.46577328065,61.564
1463.89997855593,62.138
1258.98619844462,62.914
951.644316655957,63.361
1127.16077872857,62.363
1447.12310138035,65.279
1330.72780576709,66.349
1386.41855927575,58.989
1407.42096413212,59.76
3448.08699068824,60.263
2271.85250365817,60.906
1683.91313584141,61.06
1730.45391034701,61.53
1724.38727102272,60.135
2040.54658705395,62.36
2156.03409322984,62.775
