country,year,gdp_per_capita,life_expectancy
AFE,2015,1479.61525980543,61.713030523495
AFE,2016,1329.80728479234,62.1679813169199
AFE,2017,1520.21223076132,62.5912750961501
AFE,2018,1538.90167917284,63.3306913582336
AFE,2019,1493.81793829992,63.8572612837042
AFE,2020,1344.10320999294,63.7664840026943
AFE,2021,1522.3933455926,62.9799991857494
AFE,2022,1628.31894446307,64.4870195456608
AFE,2023,1510.74295082335,65.146290855385
AFW,2015,1860.72769393488,56.0383356484355
AFW,2016,1630.03944681121,56.3924518507367
AFW,2017,1574.23056047232,56.6264388112566
AFW,2018,1720.14027955102,57.036976441386
AFW,2019,1798.34068458315,57.1498467555118
AFW,2020,1680.03933212698,57.3644254011107
AFW,2021,1765.9547879785,57.3625716910274
AFW,2022,1796.66863273368,57.9878133945189
AFW,2023,1599.39298291654,58.8557215483276
ARB,2015,6262.04168490023,70.6580123695192
ARB,2016,6012.51244365971,70.8964881164428
ARB,2017,6066.72679100575,71.1128560080647
ARB,2018,6668.2167280195,71.4312997859137
ARB,2019,6638.48541455372,71.8398932674972
ARB,2020,5722.48099531674,70.7265588103862
ARB,2021,6681.70895180141,70.4041144889903
ARB,2022,7931.61789279006,71.8760955992222
ARB,2023,7479.68809103279,72.4446783578531
CSS,2015,14402.4725779389,71.8641021665476
CSS,2016,13297.7443496162,72.0516361154512
CSS,2017,13637.1207205804,72.1731041595093
CSS,2018,13815.3265154798,72.2210854022703
CSS,2019,13938.2023201976,72.1292604830284
CSS,2020,11925.7573950011,71.9394359303317
CSS,2021,13833.3099303464,69.9228107471769
CSS,2022,17355.8366579795,72.8322921090608
CSS,2023,17582.2636796878,73.1716450013098
CEB,2015,12596.9475064791,76.5755119772504
CEB,2016,12874.7406922285,76.9703062304413
CEB,2017,14339.8580613846,76.929788715597
CEB,2018,16245.193864543,76.9764380835075
CEB,2019,16551.8488917344,77.2659141936307
CEB,2020,16595.9352698049,76.0162701269145
CEB,2021,19239.8185020397,74.7232827859077
CEB,2022,19548.6930479638,76.6522987292583
CEB,2023,22699.5351734821,77.8967836493153
EAR,2015,3219.68827173818,69.6305484421664
EAR,2016,3269.98432817621,69.9484837084835
EAR,2017,3505.10621501561,70.2729949393554
EAR,2018,3515.76621670583,70.5486659921504
EAR,2019,3543.32390703605,70.8424064605001
EAR,2020,3250.74974734387,69.8801308490982
EAR,2021,3765.51079786712,68.1790994839633
EAR,2022,4113.00084852322,71.4304552508694
EAR,2023,4313.64804240795,71.7962449795855
EAS,2015,9657.52889618953,75.7926010192992
EAS,2016,9928.67149927477,75.9870166732102
EAS,2017,10526.6771695761,76.0789923585537
EAS,2018,11394.4809001741,76.3914229383171
EAS,2019,11578.2748298091,76.586261929345
EAS,2020,11595.2940923559,76.5434376080231
EAS,2021,13282.7636699758,76.1530093756951
EAS,2022,13084.2848090909,76.6767834400676
EAS,2023,13117.90954458,76.6595183258032
EAP,2015,6589.77384002779,74.9511243848739
EAP,2016,6683.18386893998,75.1559117663434
EAP,2017,7241.92533795167,75.2396714880306
EAP,2018,8045.94448809301,75.57828618156
EAP,2019,8286.43967532333,75.7689690321509
EAP,2020,8391.36838432689,75.6976393295064
EAP,2021,9974.63640001599,75.2781418410849
EAP,2022,10106.8725194012,75.9325409436903
EAP,2023,10125.7668065643,75.8806830895266
TEA,2015,6664.48716537469,74.9777768374826
TEA,2016,6758.74015480622,75.1832269955477
TEA,2017,7323.51023176133,75.2671640185859
TEA,2018,8136.36881824421,75.6101241544348
TEA,2019,8379.40686898285,75.8042877234534
TEA,2020,8485.42025780464,75.7338497054699
TEA,2021,10086.4785164265,75.3009806060199
TEA,2022,10220.360503609,75.9610347461336
TEA,2023,10239.674334039,75.9085643603807
EMU,2015,34467.5766635134,81.5193991217567
EMU,2016,35232.2695661265,81.9075874931284
EMU,2017,37237.5363554552,81.8840085594743
EMU,2018,40096.712205156,82.0027602577719
EMU,2019,39212.5111497975,82.2804211551829
EMU,2020,38234.5335889285,81.4873571657503
EMU,2021,42967.2551656434,81.5839330415712
EMU,2022,41446.4322827569,81.6212237452298
EMU,2023,45068.7010930397,82.1920076156423
ECS,2015,22676.9494565466,77.331142300321
ECS,2016,22496.7758500912,77.6815195796899
ECS,2017,23780.6167949133,77.8993049650609
ECS,2018,25362.6758114579,78.0322195043255
ECS,2019,24975.4166431436,78.3042683990405
ECS,2020,24121.4791035767,77.1757484533311
ECS,2021,27591.4108786977,76.7287266936821
ECS,2022,27782.8616206223,77.8361130850842
ECS,2023,29835.7180523654,78.3870183177038
ECA,2015,6282.95418433325,73.7582707874779
ECA,2016,5977.68550933388,74.0349273934992
ECA,2017,6112.70276991575,74.4074945113083
ECA,2018,5952.2500299061,74.5976698113306
ECA,2019,6020.63670154835,74.821186588313
ECA,2020,5733.41761868436,73.5589573506665
ECA,2021,6623.35137698536,72.8874329657208
ECA,2022,7247.60981221236,74.5786223390478
ECA,2023,8571.4101866164,74.7987152767476
TEC,2015,8004.56641973475,73.3424651216518
TEC,2016,7653.97807124132,73.6922376190485
TEC,2017,8560.70709859886,74.134211186205
TEC,2018,8890.61596620106,74.3004387516548
TEC,2019,9034.43209100317,74.5939674450224
TEC,2020,8456.58174660206,73.1523738187621
TEC,2021,9987.98864443054,72.1539007720004
TEC,2022,11410.4415323006,74.1916033602425
TEC,2023,12106.9240912296,74.7300564025194
EUU,2015,30769.090644109,80.5708966220669
EUU,2016,31462.4341209885,80.9530808081627
EUU,2017,33391.9679020533,80.9303097853099
EUU,2018,36054.3954466385,81.0317510064821
EUU,2019,35374.6443827131,81.3194524901834
EUU,2020,34698.4032089427,80.4414754678551
EUU,2021,39214.3660784805,80.3071964400875
EUU,2022,37962.8295010744,80.7129818383208
EUU,2023,41392.0743803078,81.4114503796876
FCS,2015,1815.53207965872,60.7449931085508
FCS,2016,1635.50703091345,60.9861836667017
FCS,2017,1706.44326854085,61.2296826870124
FCS,2018,1823.31230335011,61.7825083062786
FCS,2019,1893.88268968493,62.1379545505037
FCS,2020,1685.09795088858,62.0663682854031
FCS,2021,1757.35640223069,61.6086810439385
FCS,2022,1897.94911362527,62.702271566254
FCS,2023,1722.02197897444,63.3499447771075
HPC,2015,917.999801798178,61.561793936137
HPC,2016,900.498036025473,62.0038083727554
HPC,2017,939.745532135346,62.3151956659401
HPC,2018,977.345900504428,62.798544258222
HPC,2019,984.570661558163,63.0898004183278
HPC,2020,968.074022023344,63.0726319690016
HPC,2021,1049.99987506014,62.5313735700637
HPC,2022,1111.39185793698,63.8404458555462
HPC,2023,1140.19606998258,64.7159054177481
HIC,2015,36571.192904688,79.5243746239928
HIC,2016,37055.7538854894,79.7243724353495
HIC,2017,38782.9175406853,79.8538410660347
HIC,2018,41079.7872699609,79.9668020572923
HIC,2019,41351.4989053257,80.1994382042117
HIC,2020,40219.1360185556,79.2043516940348
HIC,2021,45211.9410454249,78.8000564470189
HIC,2022,46655.1648590412,79.4313242226593
HIC,2023,48708.4624685822,80.1500151183354
IBD,2015,5572.51411128581,73.0330191420732
IBD,2016,5560.96329446574,73.259443703247
IBD,2017,6080.71326559023,73.4860165794436
IBD,2018,6429.48761275569,73.7952368045971
IBD,2019,6517.95432240943,74.0315931724484
IBD,2020,6236.68120499036,73.29542288776
IBD,2021,7366.1147382175,71.974522937271
IBD,2022,7745.39306575372,74.251561351988
IBD,2023,7964.73675347128,74.5209699459191
IBT,2015,4494.44119703311,70.3718991784647
IBT,2016,4467.69831583104,70.6142743615375
IBT,2017,4853.16565473343,70.8311670216616
IBT,2018,5111.82139451166,71.153328289214
IBT,2019,5169.58132257986,71.3942743859044
IBT,2020,4932.64621363092,70.7491565630532
IBT,2021,5764.25548879941,69.6682599282971
IBT,2022,6043.77728725502,71.6779222363782
IBT,2023,6157.39821498709,72.0008209186498
IDB,2015,1947.83629776554,60.2944946354402
IDB,2016,1790.52401341516,60.5761664527178
IDB,2017,1804.57402176769,60.818392907263
IDB,2018,1869.41970744766,61.0740542759518
IDB,2019,1878.13375771486,61.3259973798573
IDB,2020,1735.42504387769,60.8180066140619
IDB,2021,1857.19734593257,60.876535738179
IDB,2022,1962.52152270807,62.1288641416852
IDB,2023,1729.91982930792,62.4621643327349
IDX,2015,1023.94411088699,63.8821179927396
IDX,2016,1058.23347491943,64.3101407903027
IDX,2017,1116.07416051941,64.6098588988294
IDX,2018,1160.50418891873,65.172890099339
IDX,2019,1194.07215693518,65.5828691146811
IDX,2020,1179.86645615956,65.411479068422
IDX,2021,1254.09572124934,64.8764634139942
IDX,2022,1330.40253875948,66.3600605315493
IDX,2023,1319.43444336952,67.0538318903115
IDA,2015,1350.62840308024,62.6135498483383
IDA,2016,1316.75105884171,62.9919508459629
IDA,2017,1358.71074719415,63.2736954244909
IDA,2018,1409.89867481954,63.7309311828708
IDA,2019,1434.20463760134,64.0885399952044
IDA,2020,1374.49201596905,63.8022749850664
IDA,2021,1465.04691576142,63.4773799318061
IDA,2022,1551.17381360191,64.8822902939527
IDA,2023,1458.94469071737,65.4535223135408
LTE,2015,8325.54664463079,76.0763839787839
LTE,2016,8290.74162992553,76.293092854666
LTE,2017,9131.37216704566,76.4176788737102
LTE,2018,9959.6655103541,76.7784257230861
LTE,2019,10112.2012892771,76.9982668440355
LTE,2020,9869.54019951006,76.6937147799405
LTE,2021,11755.4245358535,76.306088329774
LTE,2022,12280.1075352976,76.9545802485126
LTE,2023,12422.7253981593,77.130120543495
LCN,2015,8758.631461288,74.7432221893097
LCN,2016,8460.65543617298,74.6774848833781
LCN,2017,9308.69617088017,74.8318087892113
LCN,2018,9032.03848276062,75.052717198381
LCN,2019,8830.22782156102,75.2042598654921
LCN,2020,7445.29645309345,73.188934023043
LCN,2021,8597.53194021339,71.8141668022872
LCN,2022,9716.03266743823,74.647198943632
LCN,2023,10838.827948659,75.6435293327332
LAC,2015,8307.33369621788,74.5553955667316
LAC,2016,7975.72164827005,74.5306460760941
LAC,2017,8811.13555430764,74.7006534427421
LAC,2018,8468.20128438484,74.8906731016397
LAC,2019,8266.47471229954,75.0513524613511
LAC,2020,6892.38171560913,72.8759217271338
LAC,2021,7955.36133413771,71.4377016432982
LAC,2022,9093.65274220086,74.4897262626476
LAC,2023,10166.928671097,75.4986013301866
TLA,2015,8616.95753415631,74.6505904118153
TLA,2016,8301.80532535391,74.5894794269073
TLA,2017,9163.64829375482,74.7614101353626
TLA,2018,8875.74361403055,74.9760978010797
TLA,2019,8654.9472124286,75.1319711493442
TLA,2020,7240.29672376392,73.0747493617473
TLA,2021,8382.42554035091,71.7449274626405
TLA,2022,9482.77639942335,74.5684293540859
TLA,2023,10593.1164302324,75.5699258379688
LDC,2015,970.916596442798,63.3049002618176
LDC,2016,963.946548212228,63.7237270680356
LDC,2017,1030.33002221326,64.0339755156235
LDC,2018,1072.37486063383,64.6022757660127
LDC,2019,1104.18633151052,64.9724534415541
LDC,2020,1088.70490856513,64.8323585417323
LDC,2021,1161.529354921,64.267342334044
LDC,2022,1273.78979194705,65.7631857632163
LDC,2023,1220.23843928653,66.5161002597788
LMY,2015,4282.04601624269,70.367705276385
LMY,2016,4269.77006692862,70.6061841961247
LMY,2017,4607.31736311311,70.8082905151177
LMY,2018,4846.86334479652,71.1345010717806
LMY,2019,4904.42291649615,71.3698556147386
LMY,2020,4698.5175297673,70.7486800091755
LMY,2021,5485.92472057214,69.6717843895896
LMY,2022,5702.28344160279,71.6852818823469
LMY,2023,5819.84086254913,71.9740048771462
LIC,2015,736.645564029793,60.9921347017928
LIC,2016,630.769855946827,61.4016938292427
LIC,2017,635.47544942083,61.5795083857409
LIC,2018,647.163397218355,62.3399876414984
LIC,2019,654.940947912545,62.7974465200669
LIC,2020,607.964753680008,62.8180995019214
LIC,2021,643.369305022958,62.3799887227483
LIC,2022,723.504638939919,63.4583102800447
LIC,2023,697.171191535478,64.5178957936853
LMC,2015,1843.92245982702,67.3495071977304
LMC,2016,1892.70524039558,67.679193904199
LMC,2017,2019.49853982875,67.9952915350318
LMC,2018,2078.75738872105,68.2810033644819
LMC,2019,2153.95427108494,68.5574256254118
LMC,2020,2058.43459982702,68.040356336938
LMC,2021,2302.44736874388,66.3662902978306
LMC,2022,2424.15054696003,69.3010946755529
LMC,2023,2443.40827649123,69.5963746571515
MEA,2015,5108.83117786409,70.1511049169228
MEA,2016,5080.74067722357,70.4289278068118
MEA,2017,5232.29631554928,70.7097575308251
MEA,2018,5509.55913785523,70.9403213532696
MEA,2019,5371.48987165166,71.2438695042576
MEA,2020,4707.81986084887,69.9110789555644
MEA,2021,5575.27298626728,69.7113193479505
MEA,2022,6383.39839256713,71.6918319737772
MEA,2023,6063.05247657864,72.0839412410497
MNA,2015,2802.63134980934,69.2873263613117
MNA,2016,2832.83052598,69.5328376363007
MNA,2017,2827.77247042523,69.8141316373328
MNA,2018,2789.82637461637,70.0733668958653
MNA,2019,2674.37046083008,70.417484585256
MNA,2020,2381.42542469934,69.0506342866219
MNA,2021,2719.53126773593,68.9280214782653
MNA,2022,2975.95566292741,71.0055315443397
MNA,2023,2797.40730719316,71.2758849884582
TMN,2015,2799.45441811562,69.2515348606398
TMN,2016,2828.10049044876,69.4961826399098
TMN,2017,2822.35969144684,69.7772409464567
TMN,2018,2784.50967675137,70.0368444388331
TMN,2019,2667.55895258895,70.3800917806817
TMN,2020,2375.4738441756,69.0090964026373
TMN,2021,2712.78189413176,68.893103228232
TMN,2022,2970.11428767476,70.965432550888
TMN,2023,2792.71457545742,71.3194560888195
MIC,2015,4599.80845420887,71.2072642315496
MIC,2016,4600.22936847744,71.4424241214902
MIC,2017,4973.53707967724,71.6599756723334
MIC,2018,5240.73875711968,71.9601326916177
MIC,2019,5310.45350032975,72.1896324078539
MIC,2020,5096.7359040376,71.5214553857761
MIC,2021,5966.0001578766,70.3957107787488
MIC,2022,6205.5459977675,72.5175506717212
MIC,2023,6347.75391928371,72.7431938727471
NAC,2015,55534.4570291574,79.0036254654542
NAC,2016,56416.7850235092,78.8800103845064
NAC,2017,58555.8897810427,78.8688036246685
NAC,2018,61228.195827322,78.9607960728398
NAC,2019,63306.7999807977,79.1334134419141
NAC,2020,62262.642409838,77.4498099795241
NAC,2021,69412.9137512303,76.8657678890549
NAC,2022,75613.4507146586,77.8327679594239
NAC,2023,79326.9076599571,78.7328213732191
OED,2015,35772.5321374449,79.761947694534
OED,2016,36235.9988250637,79.8914226918914
OED,2017,37617.8631046886,79.931058371801
OED,2018,39539.1861151287,80.0281711116686
OED,2019,39718.0136147565,80.2450777215729
OED,2020,38704.9773091343,78.958047957323
OED,2021,43149.6072484462,78.5886217634772
OED,2022,44046.426245598,79.5215684599377
OED,2023,46672.5139916762,80.1615573011432
OSS,2015,10334.0987006005,71.4795830574543
OSS,2016,10776.87092047,71.7745690542754
OSS,2017,11912.4763555956,72.1237658150048
OSS,2018,12980.3425379993,72.4217850423792
OSS,2019,12871.1657622001,72.6570116424877
OSS,2020,11728.9524519274,72.5097097789427
OSS,2021,13671.456548983,71.7699719301416
OSS,2022,14298.1028214028,72.9049248661262
OSS,2023,15151.4664915358,73.5646945094343
PSS,2015,3721.79465162999,68.1166096033138
PSS,2016,3853.8127301538,68.2856508563666
PSS,2017,4096.99353767088,68.5192875005129
PSS,2018,4245.78362603826,68.5825887890247
PSS,2019,4170.32120953703,68.6421578303985
PSS,2020,3666.08926363725,68.3568108792759
PSS,2021,3649.53388709298,67.4810209240703
PSS,2022,3888.62868011839,69.1004348993561
PSS,2023,4153.19706628517,69.2745949035856
PST,2015,40767.6732069989,80.4400997313335
PST,2016,41511.1088722467,80.6112411501517
PST,2017,43134.0864740614,80.6650553844053
PST,2018,45528.3268108868,80.7442826647034
PST,2019,45864.970468297,80.9700933374947
PST,2020,44887.3835189149,80.0659140743109
PST,2021,50022.0389228787,79.7955815488505
PST,2022,51102.3562661077,80.1978532076615
PST,2023,53961.341810452,80.8228346378274
PRE,2015,1508.88772064734,58.93626650033
PRE,2016,1307.18884005457,59.2363562400827
PRE,2017,1327.75746285089,59.5402350736624
PRE,2018,1439.93370870327,60.2074724802348
PRE,2019,1476.62187329691,60.5568008955552
PRE,2020,1320.70911111119,60.5012070014439
PRE,2021,1412.70908920903,60.2752505117259
PRE,2022,1577.71627123527,61.3832880029503
PRE,2023,1416.33353040951,62.1636298902791
SST,2015,10408.6618377241,71.1242805019157
SST,2016,10444.2724484059,71.3759850327933
SST,2017,11271.7930201063,71.6556194082548
SST,2018,12009.7862050813,71.8640735615265
SST,2019,11958.5107041682,72.0009607335469
SST,2020,10699.2911713647,71.8255552822673
SST,2021,12369.0639776112,70.7756825891382
SST,2022,13598.1107991474,72.3794678577605
SST,2023,14222.966048012,72.9007197557042
SAS,2015,1570.54142462917,69.5110334122263
SAS,2016,1722.90703415144,69.9184707063298
SAS,2017,1956.06707554186,70.2904723380061
SAS,2018,1988.3663331799,70.6523573971364
SAS,2019,2067.05975687637,70.9975623145981
SAS,2020,1957.20343722686,70.3622206982499
SAS,2021,2273.72055798689,67.8215299767513
SAS,2022,2385.08341578414,72.0115731308447
SAS,2023,2532.37560051691,72.3247648783903
TSA,2015,1570.54142462917,69.5110334122263
TSA,2016,1722.90703415144,69.9184707063298
TSA,2017,1956.06707554186,70.2904723380061
TSA,2018,1988.3663331799,70.6523573971364
TSA,2019,2067.05975687637,70.9975623145981
TSA,2020,1957.20343722686,70.3622206982499
TSA,2021,2273.72055798689,67.8215299767513
TSA,2022,2385.08341578414,72.0115731308447
TSA,2023,2532.37560051691,72.3247648783903
SSF,2015,1635.04422604526,59.398721466191
SSF,2016,1452.27420076776,59.8121001978138
SSF,2017,1542.24464874276,60.1584015341066
SSF,2018,1612.7355316349,60.7667275136709
SSF,2019,1617.66888069241,61.1293218424873
SSF,2020,1480.47864226138,61.1675270829902
SSF,2021,1621.10097013513,60.7034363660672
SSF,2022,1696.43999286939,61.8571795894802
SSF,2023,1544.75911473464,62.6029134885664
SSA,2015,1747.88416619556,58.9244569362249
SSA,2016,1536.05359120559,59.3199433875513
SSA,2017,1630.62595897119,59.6367115940116
SSA,2018,1708.80108637029,60.2582610385453
SSA,2019,1705.21463047615,60.6065912895076
SSA,2020,1544.4411207735,60.6222294256854
SSA,2021,1700.42199943914,60.1774746494858
SSA,2022,1772.65535427221,61.2833535992957
SSA,2023,1614.13902501696,62.0654798813283
TSS,2015,1635.04422604526,59.398721466191
TSS,2016,1452.27420076776,59.8121001978138
TSS,2017,1542.24464874276,60.1584015341065
TSS,2018,1612.7355316349,60.7667275136709
TSS,2019,1617.66888069241,61.1293218424873
TSS,2020,1480.47864226138,61.1675270829902
TSS,2021,1621.10097013513,60.7034363660672
TSS,2022,1696.43999286939,61.8571795894802
TSS,2023,1544.75911473464,62.6029134885664
UMC,2015,7434.5956962152,75.1754691734539
UMC,2016,7404.71205158264,75.3404185539197
UMC,2017,8053.63318157659,75.4810427213008
UMC,2018,8559.82716365995,75.8220642064272
UMC,2019,8647.39963930799,76.029480770985
UMC,2020,8334.90582376743,75.2315516201179
UMC,2021,9905.05583452615,74.7276149865895
UMC,2022,10310.8668761078,76.0092804332746
UMC,2023,10631.3167441564,76.1953051028563
WLD,2015,10175.4094195078,71.9647545102466
WLD,2016,10221.3659804648,72.1848945967683
WLD,2017,10765.2662233504,72.3653447819616
WLD,2018,11326.9339016063,72.6436120803356
WLD,2019,11376.8233409998,72.8689103086688
WLD,2020,10963.1756422364,72.1822239463873
WLD,2021,12418.5659245064,71.2154841745704
WLD,2022,12819.7448379733,72.9690157226638
WLD,2023,13259.7098707258,73.3297162833404
AFG,2015,565.569730408751,62.27
AFG,2016,522.082215583898,62.646
AFG,2017,525.469770891619,62.406
AFG,2018,491.337221382603,62.443
AFG,2019,496.6025042585,62.941
AFG,2020,510.787063366811,61.454
AFG,2021,356.496214115892,60.417
AFG,2022,357.261152798144,65.617
AFG,2023,413.757894705303,66.035
ALB,2015,3981.72662261867,78.358
ALB,2016,4168.37544462548,78.643
ALB,2017,4614.0479692596,78.9
ALB,2018,5365.48880180298,79.238
ALB,2019,5460.4305086932,79.467
ALB,2020,5370.77749956875,77.824
ALB,2021,6413.28280828537,76.844
ALB,2022,6846.42669381643,78.769
ALB,2023,8575.17134637222,79.602
DZA,2015,4685.05902729002,75.159
DZA,2016,4424.98529027556,75.31
DZA,2017,4554.66753957828,75.431
DZA,2018,4577.21029180491,75.555
DZA,2019,4468.45341883656,75.682
DZA,2020,3743.5419522929,73.257
DZA,2021,4160.55926736925,75.208
DZA,2022,4961.55257664733,76.129
DZA,2023,5364.02795022731,76.261
ASM,2015,12727.4102651386,72.654
ASM,2016,12843.3342903627,72.64
ASM,2017,11863.6839452565,72.801
ASM,2018,12552.0546868861,72.794
ASM,2019,12886.1359517218,72.751
ASM,2020,14489.2586563775,72.672
ASM,2021,15236.1604875571,72.708
ASM,2022,18017.4589383973,72.752
AND,2015,38654.9347203095,84.532
AND,2016,40129.8192007698,84.489
AND,2017,40672.9943348258,84.359
AND,2018,42819.7745797624,84.242
AND,2019,41257.8045846483,84.098
AND,2020,37361.0900666982,79.418
AND,2021,42425.6996756291,82.331
AND,2022,42414.0590092117,84.016
AND,2023,46812.4484486309,84.041
AGO,2015,3213.90261080059,61.042
AGO,2016,1807.95294072643,61.619
AGO,2017,2437.25971190821,62.122
AGO,2018,2538.59139143371,62.622
AGO,2019,2189.85571407618,63.051
AGO,2020,1449.92286669308,63.116
AGO,2021,1925.87466082167,62.958
AGO,2022,2929.69445467272,64.246
AGO,2023,2309.53413042773,64.617
ATG,2015,16077.6340769406,76.892
ATG,2016,16556.8551801588,76.968
ATG,2017,16965.7288273816,77.03
ATG,2018,18273.4270684912,77.132
ATG,2019,18896.3721832248,77.168
ATG,2020,15369.6082250401,77.161
ATG,2021,17348.6006987182,77.197
ATG,2022,20105.1989085164,77.483
ATG,2023,21494.5474000727,77.598
ARG,2015,13679.6264980954,76.6
ARG,2016,12699.9623137756,76.105
ARG,2017,14532.5009308511,76.543
ARG,2018,11752.7998922979,76.77
ARG,2019,9955.97478680428,76.847
ARG,2020,8535.59938004389,75.878
ARG,2021,10738.0179223384,73.948
ARG,2022,13935.6811110049,75.806
ARG,2023,14187.4827252965,77.395
ARM,2015,3512.39350276709,74.8707317073171
ARM,2016,3524.42476874707,74.8682926829268
ARM,2017,3869.05373867752,75.2170731707317
ARM,2018,4196.00562301769,75.619512195122
ARM,2019,4597.22887399548,76.2219512195122
ARM,2020,4268.68093304583,73.3756097560976
ARM,2021,4685.17997128509,72.2780487804878
ARM,2022,6571.97445545099,74.7658536585366
ARM,2023,8125.27395754003,77.4658536585366
ABW,2015,27458.2253310273,75.405
ABW,2016,27441.5296617282,75.54
ABW,2017,28440.051963759,75.62
ABW,2018,30082.1276448186,75.88
ABW,2019,31096.2050738676,76.019
ABW,2020,22855.9323200761,75.406
ABW,2021,27200.0610793969,73.655
ABW,2022,30559.5335346581,76.226
ABW,2023,33984.7906198041,76.353
AUS,2015,56739.0265346593,82.4
AUS,2016,49888.0410842736,82.4487804878049
AUS,2017,53901.7145392154,82.5
AUS,2018,57196.4220783778,82.7487804878049
AUS,2019,54972.7017885437,82.9
AUS,2020,51791.540179984,83.2
AUS,2021,60607.7788605166,83.3
AUS,2022,64997.0136536475,83.2
AUS,2023,64835.9199754535,83.0512195121951
AUT,2015,43915.228020857,81.190243902439
AUT,2016,45061.4993920192,81.6414634146342
AUT,2017,47163.7425775142,81.6439024390244
AUT,2018,51194.0749841299,81.6926829268293
AUT,2019,49885.9947355204,81.8951219512195
AUT,2020,48716.4098900349,81.1926829268293
AUT,2021,53648.7190742245,81.190243902439
AUT,2022,52176.6649141178,81.2951219512195
AUT,2023,56033.573792065,81.5414634146342
AZE,2015,5500.50364628486,72.349
AZE,2016,3880.6852276838,72.568
AZE,2017,4147.1981423222,72.694
AZE,2018,4739.7943123408,73.016
AZE,2019,4805.75371765917,73.29
AZE,2020,4229.91064904503,70.312
AZE,2021,5408.04535175023,70.999
AZE,2022,7770.594223351,74.125
AZE,2023,7133.02838048328,74.429
BHS,2015,30719.405417469,73.805
BHS,2016,30616.5363157284,74.042
BHS,2017,31875.4881749619,74.031
BHS,2018,32642.3353203452,74.062
BHS,2019,33640.3369861278,71.408
BHS,2020,26178.7537607708,72.994
BHS,2021,30367.8605757708,70.752
BHS,2022,34957.1613279737,74.491
BHS,2023,38231.774484278,74.552
BHR,2015,23734.0551143019,80.338
BHR,2016,23800.001440631,80.407
BHR,2017,24784.7693514607,80.407
BHR,2018,26324.4066549559,80.412
BHR,2019,27259.7438599327,80.471
BHR,2020,24342.8444554718,78.683
BHR,2021,27147.8083882286,78.083
BHR,2022,30470.5219276023,80.992
BHR,2023,29290.1284215098,81.284
BGD,2015,1224.38647668165,70.543
BGD,2016,1649.28380858601,71.075
BGD,2017,1811.08221668646,71.606
BGD,2018,1965.24372731467,72.122
BGD,2019,2129.79896954606,72.625
BGD,2020,2248.85078828233,71.421
BGD,2021,2482.84917843357,71.103
BGD,2022,2716.48592780431,74.265
BGD,2023,2551.01773827307,74.672
BRB,2015,18954.2913724506,76.055
BRB,2016,19065.8069800213,76.168
BRB,2017,19692.7606711615,76.237
BRB,2018,20055.915870771,76.378
BRB,2019,20583.7265786414,76.495
BRB,2020,18347.1109131055,76.647
BRB,2021,18696.7858952957,76.58
BRB,2022,22164.0260273876,75.676
BRB,2023,23804.0249914995,76.178
BLR,2015,5967.05595058777,73.6243902439025
BLR,2016,5039.77560949445,73.8268292682927
BLR,2017,5785.54491935194,74.1292682926829
BLR,2018,6360.037502312,74.1756097560976
BLR,2019,6837.77339645635,74.2268292682927
BLR,2020,6542.85579976768,72.1385609756098
BLR,2021,7489.71894713888,72.0714634146342
BLR,2022,7994.64806074889,74.1033658536585
BLR,2023,7896.75388295584,74.1837804878049
BEL,2015,40893.804537772,80.9926829268293
BEL,2016,41854.5498296444,81.4390243902439
BEL,2017,44035.3239358548,81.4926829268293
BEL,2018,47487.2100392561,81.5951219512195
BEL,2019,46716.6227467964,81.9951219512195
BEL,2020,45906.2875805246,80.6951219512195
BEL,2021,51658.238294958,81.790243902439
BEL,2022,50822.2518538518,81.7487804878049
BEL,2023,54690.0942734964,82.3975609756098
BLZ,2015,6154.49593498217,71.647
BLZ,2016,6142.49873185177,71.843
BLZ,2017,6072.58267640581,72.062
BLZ,2018,6031.28139580144,72.322
BLZ,2019,6190.04792278445,72.577
BLZ,2020,5227.19363786168,71.58
BLZ,2021,6122.61158580079,70.917
BLZ,2022,7068.45478269722,72.19
BLZ,2023,7459.99815132837,73.566
BEN,2015,1002.41886879614,59.123
BEN,2016,1010.5338961993,59.283
BEN,2017,1054.97408066814,59.528
BEN,2018,1151.7409703472,59.71
BEN,2019,1130.82135339795,59.888
BEN,2020,1200.19426631122,60.154
BEN,2021,1318.65158107487,59.61
BEN,2022,1266.42710981159,60.475
BEN,2023,1394.17784663045,60.774
BMU,2015,104855.366822135,80.338
BMU,2016,108747.356144305,80.476
BMU,2017,112339.425587467,80.686
BMU,2018,113204.82210838,80.986
BMU,2019,115798.040775578,81.251
BMU,2020,106976.546239632,81.456
BMU,2021,112765.08167306,81.745
BMU,2022,121613.939983629,82.062
BMU,2023,132604.439086216,82.309
BTN,2015,2954.04081911097,70.797
BTN,2016,3152.30905106786,71.119
BTN,2017,3435.28804735662,71.413
BTN,2018,3400.20417245342,71.711
BTN,2019,3576.87987100503,72.005
BTN,2020,3191.66906999331,72.253
BTN,2021,3570.61257980872,72.448
BTN,2022,3711.32767981591,72.754
BTN,2023,3839.4093039286,72.975
BOL,2015,2996.01289811344,67.205
BOL,2016,3035.87347732132,67.392
BOL,2017,3306.30301224425,67.536
BOL,2018,3500.72642189887,67.699
BOL,2019,3503.89601123129,67.82
BOL,2020,3099.94219053514,62.906
BOL,2021,3384.84486462654,61.427
BOL,2022,3643.92826984604,67.434
BOL,2023,3686.27996442176,68.581
BIH,2015,4662.25883724069,77.073
BIH,2016,4928.5665251728,77.124
BIH,2017,5345.01985489192,77.385
BIH,2018,6047.84584261133,77.942
BIH,2019,6122.3753450882,77.394
BIH,2020,6130.31133245161,76.04
BIH,2021,7295.3438240957,74.567
BIH,2022,7655.59421024383,76.777
BIH,2023,8663.02322987879,77.85
BWA,2015,6141.20394726616,63.215
BWA,2016,6749.05994339013,64.32
BWA,2017,7104.96401088027,65.42
BWA,2018,7407.95940141786,66.371
BWA,2019,7172.08956480028,67.167
BWA,2020,6323.29749806946,67.643
BWA,2021,7807.88794500125,63.303
BWA,2022,8328.70905682185,68.749
BWA,2023,7826.35376483298,69.163
BRA,2015,8936.19661712113,75.106
BRA,2016,8836.28652735657,75.081
BRA,2017,10080.5092819305,75.383
BRA,2018,9300.66164923219,75.633
BRA,2019,9029.83326681073,75.809
BRA,2020,7074.19378337644,74.506
BRA,2021,7972.5366498646,73.038
BRA,2022,9281.33334441234,74.872
BRA,2023,10377.5892792557,75.848
BRN,2015,30625.128732694,74.88
BRN,2016,26663.2973199878,74.905
BRN,2017,28024.3824618568,74.943
BRN,2018,30988.1190497851,74.992
BRN,2019,30426.5730284202,75.049
BRN,2020,26834.3592463839,75.114
BRN,2021,31006.9636220576,74.869
BRN,2022,36632.9280421411,72.917
BRN,2023,32890.5492465722,75.327
BGR,2015,7268.65445473873,74.6146341463415
BGR,2016,7822.49923292968,74.8121951219512
BGR,2017,8696.68930427924,74.8146341463415
BGR,2018,9872.38507789106,74.9634146341464
BGR,2019,10372.8044341114,75.1121951219512
BGR,2020,10769.9475699414,73.3560975609756
BGR,2021,12972.2173356002,71.2121951219512
BGR,2022,13999.6719197289,74.1609756097561
BGR,2023,15883.8618545581,75.7073170731707
BFA,2015,630.124750752312,58.778
BFA,2016,663.742364842886,59.173
BFA,2017,709.091535894695,59.578
BFA,2018,777.465618514048,59.972
BFA,2019,764.853077774946,60.184
BFA,2020,825.237038782475,60.454
BFA,2021,895.535288442991,60.046
BFA,2022,836.118304593682,60.7
BFA,2023,882.689810086163,61.092
BDI,2015,280.966831311923,60.107
BDI,2016,235.286205393908,60.789
BDI,2017,236.694472592753,61.345
BDI,2018,224.89939239264,61.806
BDI,2019,210.236494521532,62.18
BDI,2020,210.008139902508,62.569
BDI,2021,214.091455416133,62.101
BDI,2022,250.634225368744,62.882
BDI,2023,192.074305359351,63.651
CPV,2015,3415.06266730931,74.096
CPV,2016,3608.96605234906,74.35
CPV,2017,3893.09571382506,74.71
CPV,2018,4294.96510035729,74.84
CPV,2019,4380.78117331128,75.449
CPV,2020,3539.22661248299,73.818
CPV,2021,3971.44409203423,74.424
CPV,2022,4323.31362032709,75.907
CPV,2023,4861.29184126229,76.059
KHM,2015,1547.32010444393,69.398
KHM,2016,1675.19555711109,69.635
KHM,2017,1826.35391688754,69.842
KHM,2018,2036.67377566578,69.993
KHM,2019,2225.87705485686,70.127
KHM,2020,2081.73914242939,70.059
KHM,2021,2167.40324198499,69.301
KHM,2022,2325.03050040841,70.528
KHM,2023,2429.74853452838,70.668
CMR,2015,1415.00009710569,59.687
CMR,2016,1441.7201725688,60.293
CMR,2017,1496.08951771242,60.817
CMR,2018,1610.69641591017,61.189
CMR,2019,1555.22660476477,61.695
CMR,2020,1555.60370660749,61.674
CMR,2021,1672.32657340872,61.146
CMR,2022,1604.87726954895,62.443
CMR,2023,1736.86091073524,63.7
CAN,2015,43594.1941045394,81.8258536585366
CAN,2016,42314.0615817218,81.94
CAN,2017,45129.628116623,81.8129268292683
CAN,2018,46539.1761570405,81.8087804878049
CAN,2019,46352.8693445211,82.1636585365854
CAN,2020,43537.839298904,81.5351219512195
CAN,2021,52886.6616372703,81.5168292682927
CAN,2022,56256.8007264015,81.2453658536585
CAN,2023,54220.3285039875,81.6465853658537
CYM,2015,76379.2095108681,78.119
CYM,2016,77802.2541567187,78.367
CYM,2017,80053.9444506891,78.615
CYM,2018,83865.5531568184,78.835
CYM,2019,88254.2903677044,79.052
CYM,2020,82338.7982853661,79.23
CYM,2021,86438.445257404,79.3
CYM,2022,92202.1478031576,79.984
CYM,2023,97749.5078960846,80.358
CAF,2015,366.322853938121,51.934
CAF,2016,387.176203444318,50.999
CAF,2017,432.324025684263,45.231
CAF,2018,455.243962859534,52.297
CAF,2019,449.228467602439,31.53
CAF,2020,462.879071294011,50.596
CAF,2021,492.263142830507,40.279
CAF,2022,467.359825026238,18.818
CAF,2023,495.978897288721,57.408
TCD,2015,993.990730610869,51.32
TCD,2016,861.831767630746,51.603
TCD,2017,854.46120040098,51.875
TCD,2018,948.656629871231,52.447
TCD,2019,893.336441643325,52.993
TCD,2020,866.947814890409,53.082
TCD,2021,946.358500208374,53.136
TCD,2022,966.036468278568,54.528
TCD,2023,989.058528968588,55.069
CHI,2015,61852.0735568957,81.4
CHI,2016,55950.1482938989,81.2
CHI,2017,55806.5708942966,81.0
CHI,2018,60783.3529257544,81.1
CHI,2019,60568.108347955,81.2
CHI,2020,56785.9402005039,80.9
CHI,2021,66912.1753241171,80.3
CHI,2022,67627.3084478235,81.0
CHI,2023,74589.1381155014,81.1
CHL,2015,13433.9202987032,80.008
CHL,2016,13649.8520452803,80.295
CHL,2017,14879.9086227187,80.61
CHL,2018,15659.4808675628,80.559
CHL,2019,14495.716721687,80.324
CHL,2020,13114.815470545,79.349
CHL,2021,16206.8325493421,78.876
CHL,2022,15405.6165774073,79.176
CHL,2023,17067.0364799154,81.167
CHN,2015,8175.33285077393,76.975
CHN,2016,8254.86859320357,77.214
CHN,2017,8979.67652709856,77.235
CHN,2018,10085.6638148819,77.709
CHN,2019,10342.9009524335,77.94
CHN,2020,10627.4637989619,78.019
CHN,2021,12887.4357242941,78.117
CHN,2022,12970.6056414327,78.202
CHN,2023,12951.1782397043,77.953
COL,2015,6248.51490534512,76.067
COL,2016,5959.84250367574,76.228
COL,2017,6479.53231292429,76.418
COL,2018,6816.96818309544,76.579
COL,2019,6472.54544924705,76.793
COL,2020,5339.68711357943,74.757
COL,2021,6222.62164397614,72.698
COL,2022,6680.44506854481,76.508
COL,2023,7000.83660501046,77.725
COM,2015,1329.3704808998,64.473
COM,2016,1365.48403353158,64.792
COM,2017,1423.92480215551,65.127
COM,2018,1540.71132331975,65.401
COM,2019,1519.26386326167,65.662
COM,2020,1527.16990927956,65.756
COM,2021,1587.72988601478,65.201
COM,2022,1533.87755332151,66.481
COM,2023,1682.20285095721,66.777
COD,2015,467.9145805459,58.658
COD,2016,442.310472110228,59.081
COD,2017,436.584534687385,59.495
COD,2018,528.256019777898,59.926
COD,2019,557.044161335917,60.242
COD,2020,507.521230077872,60.428
COD,2021,558.034077296358,60.044
COD,2022,642.612267148918,60.979
COD,2023,633.395661686298,61.895
COG,2015,2439.35189403696,63.662
COG,2016,2093.10728558843,63.911
COG,2017,2211.63309874797,64.203
COG,2018,2694.43413191427,64.472
COG,2019,2488.42466724916,63.152
COG,2020,1993.586671931,64.391
COG,2021,2516.16255145432,64.192
COG,2022,2620.83804304713,65.0
COG,2023,2477.97845477092,65.772
CRI,2015,11714.7105980803,80.407
CRI,2016,12091.0301606335,79.988
CRI,2017,12317.0902771322,79.994
CRI,2018,12590.2493781628,80.09
CRI,2019,12884.6859951947,80.296
CRI,2020,12394.0493969354,79.725
CRI,2021,12838.1185359009,78.05
CRI,2022,13625.9008491478,79.316
CRI,2023,16942.0268119304,80.799
CIV,2015,1814.71855088017,58.281
CIV,2016,1862.59597081287,58.814
CIV,2017,1964.29930338343,59.315
CIV,2018,2130.86619381144,59.795
CIV,2019,2141.76836170115,60.274
CIV,2020,2179.72934832935,60.14
CIV,2021,2455.98127626488,60.29
CIV,2022,2333.37128334477,61.562
CIV,2023,2554.67304885576,61.944
HRV,2015,12285.3032582105,77.2756097560976
HRV,2016,12821.1738140304,77.9219512195122
HRV,2017,13902.6310485422,77.7268292682927
HRV,2018,15460.4183295843,77.919512195122
HRV,2019,15563.8167397199,78.2243902439024
HRV,2020,14808.4620188819,77.5243902439024
HRV,2021,17789.9304736722,76.4243902439025
HRV,2022,18466.0955472648,77.5756097560976
HRV,2023,21865.4562838641,78.4731707317073
CUB,2015,7727.91997207998,77.745
CUB,2016,8110.55873961397,77.571
CUB,2017,8610.60829531998,77.3
CUB,2018,8911.46205964193,77.426
CUB,2019,9232.26115935183,77.413
CUB,2020,9605.26125067263,77.407
CUW,2015,19361.8130008678,76.482
CUW,2016,18944.0961493998,76.322
CUW,2017,18938.2440469703,76.423
CUW,2018,19119.1243941688,76.493
CUW,2019,19220.6865793075,76.492
CUW,2020,16356.0933254541,76.501
CUW,2021,17979.9982909306,75.686
CUW,2022,20501.7522782219,76.729
CUW,2023,21061.741639092,76.8
CYP,2015,23487.228515625,81.464
CYP,2016,24715.154296875,81.534
CYP,2017,26696.990234375,81.543
CYP,2018,29599.986328125,81.556
CYP,2019,29703.052734375,81.454
CYP,2020,28649.015625,81.23
CYP,2021,33734.03515625,80.573
CYP,2022,33894.44921875,80.434
CYP,2023,36551.41796875,81.648
CZE,2015,17931.5987670768,78.5780487804878
CZE,2016,18753.9686718096,79.0268292682927
CZE,2017,20913.197632212,78.9780487804878
CZE,2018,23705.9329811299,79.0292682926829
CZE,2019,24062.7190013343,79.2292682926829
CZE,2020,23472.8915454417,78.2268292682927
CZE,2021,27696.4619527544,77.2219512195122
CZE,2022,28282.2236715857,78.9292682926829
CZE,2023,31591.0568216357,79.8780487804878
DNK,2015,53094.0133607574,80.7024390243902
DNK,2016,54500.9260410217,80.8536585365854
DNK,2017,57521.5514992225,81.1024390243903
DNK,2018,61324.7665045565,80.9536585365854
DNK,2019,59404.2663247723,81.4512195121951
DNK,2020,60985.4885601514,81.6024390243903
DNK,2021,69727.9873677012,81.4048780487805
DNK,2022,68091.3191138669,81.3048780487805
DNK,2023,68453.8769281145,81.8536585365854
DJI,2015,2376.12554719873,62.833
DJI,2016,2510.4300076241,63.335
DJI,2017,2618.95521147369,63.71
DJI,2018,2718.08338799203,64.105
DJI,2019,2837.16902340932,64.381
DJI,2020,2844.88810647853,64.2
DJI,2021,3025.91126413549,63.83
DJI,2022,3133.25779772463,65.54
DJI,2023,3397.52015779588,65.987
DMA,2015,8282.59874702141,69.968
DMA,2016,8802.56172041363,71.189
DMA,2017,8224.64896571414,68.62
DMA,2018,9215.3085405645,71.378
DMA,2019,9491.14995962374,71.305
DMA,2020,7827.74842680426,71.269
DMA,2021,8376.40414141113,69.832
DMA,2022,9323.66089490562,71.081
DMA,2023,9912.96212766668,71.132
DOM,2015,6800.95309395474,72.982
DOM,2016,7160.44200982307,72.889
DOM,2017,7412.71571571512,73.37
DOM,2018,7882.98221584944,73.555
DOM,2019,8183.01623600375,73.112
DOM,2020,7135.22273255899,72.636
DOM,2021,8527.0754858205,71.757
DOM,2022,10104.2449349081,74.211
DOM,2023,10630.431743829,73.72
ECU,2015,5976.1596805651,76.222
ECU,2016,5917.63771271481,76.094
ECU,2017,6233.32244797718,76.22
ECU,2018,6303.91886658338,77.248
ECU,2019,6205.05765246766,77.286
ECU,2020,5463.64515348598,72.004
ECU,2021,6061.32350181711,72.746
ECU,2022,6515.58528418336,76.577
ECU,2023,6737.84748379638,77.392
EGY,2015,3306.98159414141,70.135
EGY,2016,3270.6287768197,70.437
EGY,2017,2395.10333299491,70.709
EGY,2018,2484.70315630508,70.974
EGY,2019,2962.98892023003,71.213
EGY,2020,3511.11381026379,69.79
EGY,2021,3827.35415374308,68.976
EGY,2022,4233.30783744856,71.01
EGY,2023,3456.78968456253,71.633
SLV,2015,3790.34089108162,70.952
SLV,2016,3901.34014965811,70.908
SLV,2017,4020.12671373919,71.007
SLV,2018,4183.54620971358,71.384
SLV,2019,4320.11671534627,71.725
SLV,2020,3997.19279583709,70.244
SLV,2021,4642.60743101342,69.941
SLV,2022,5074.60210221806,71.969
SLV,2023,5365.44491399171,72.099
GNQ,2015,9068.91003238645,60.635
GNQ,2016,7453.19797948517,61.081
GNQ,2017,7809.10465655488,61.481
GNQ,2018,8102.47084834031,61.915
GNQ,2019,6804.14923073888,62.297
GNQ,2020,5764.05502912947,62.141
GNQ,2021,6945.63069794539,62.447
GNQ,2022,7589.29964909381,63.355
GNQ,2023,6677.793435386,63.707
EST,2015,17722.1557669523,77.590243902439
EST,2016,18666.3736521706,77.6414634146342
EST,2017,20851.5223496861,78.0926829268293
EST,2018,23618.1361254581,78.2439024390244
EST,2019,24021.2501413306,78.6463414634147
EST,2020,23933.9939421065,78.5951219512195
EST,2021,27953.7670230126,76.9439024390244
EST,2022,28451.1477825175,77.8439024390244
EST,2023,30133.304450454,78.490243902439
SWZ,2015,3420.75357067279,54.941
SWZ,2016,3239.80707501414,56.228
SWZ,2017,3853.99147918102,57.574
SWZ,2018,3973.46344933667,58.707
SWZ,2019,3913.12643969301,59.85
SWZ,2020,3454.784217446,59.862
SWZ,2021,3966.29863253832,58.228
SWZ,2022,3889.65276959161,63.028
SWZ,2023,3741.69010745416,64.123
ETH,2015,621.845673808133,63.592
ETH,2016,696.196084806324,64.162
ETH,2017,745.632433925343,64.766
ETH,2018,747.968003672674,65.257
ETH,2019,828.709080522921,65.741
ETH,2020,905.313159254148,65.969
ETH,2021,910.947887074508,65.33
ETH,2022,1011.07332413462,66.897
FRO,2015,52635.0375463609,81.7926829268293
FRO,2016,56875.2803813296,81.9926829268293
FRO,2017,59387.353086482,82.1439024390244
FRO,2018,62526.4908515743,82.2926829268293
FRO,2019,63067.0695697911,82.4439024390244
FRO,2020,62240.822409175,82.6439024390244
FRO,2021,68749.4005557957,82.8439024390244
FRO,2022,66139.3809716876,82.9439024390244
FRO,2023,71774.3522353393,83.1439024390244
FJI,2015,5097.53106864695,66.48
FJI,2016,5363.79026679243,66.657
FJI,2017,5826.84814459328,67.06
FJI,2018,6085.41979485376,66.965
FJI,2019,5950.82866866702,67.009
FJI,2020,4844.42127154524,66.924
FJI,2021,4696.17103944634,64.904
FJI,2022,5405.03006162671,67.148
FJI,2023,5888.73667332429,67.316
FIN,2015,42560.3456767103,81.4804878048781
FIN,2016,43451.2562442158,81.4292682926829
FIN,2017,46085.0174739036,81.6317073170732
FIN,2018,49654.2497035329,81.7341463414634
FIN,2019,48358.1807773701,81.9829268292683
FIN,2020,48828.6846862799,81.9317073170732
FIN,2021,53099.1351400148,81.8853658536585
FIN,2022,50440.560224974,81.1878048780488
FIN,2023,52821.5114340717,81.6853658536585
FRA,2015,36702.4323733379,82.3219512195122
FRA,2016,37024.2157133669,82.5731707317073
FRA,2017,38687.1626407164,82.5756097560976
FRA,2018,41418.1766484844,82.6756097560976
FRA,2019,40408.2848574751,82.8268292682927
FRA,2020,39169.8606000707,82.1756097560976
FRA,2021,43725.0999521245,82.3243902439024
FRA,2022,41082.8119320747,82.1292682926829
FRA,2023,44690.9345395117,82.9292682926829
PYF,2015,19166.9594761931,82.339
PYF,2016,19690.0775734589,82.555
PYF,2017,20826.9312492172,82.774
PYF,2018,21925.616043938,82.985
PYF,2019,21582.5892046801,83.195
PYF,2020,19966.4838503859,82.459
PYF,2021,21982.9038942614,79.571
PYF,2022,20738.6499971661,83.859
PYF,2023,22774.1418988734,84.07
GAB,2015,7047.12654634355,66.336
GAB,2016,6677.07003901644,66.583
GAB,2017,6921.73373135624,66.816
GAB,2018,7624.2775233771,67.043
GAB,2019,7441.1786472281,67.337
GAB,2020,6605.80346077904,67.073
GAB,2021,8181.40914134398,67.072
GAB,2022,8409.20741452279,67.713
GAB,2023,8071.39777400455,68.337
GMB,2015,619.536364296461,62.971
GMB,2016,650.056501323611,63.386
GMB,2017,642.522641296331,63.708
GMB,2018,696.219806960615,64.034
GMB,2019,738.186751987483,64.427
GMB,2020,720.335143352133,64.418
GMB,2021,781.890925169531,63.847
GMB,2022,836.244875582631,64.859
GMB,2023,888.157407441902,65.86
GEO,2015,4086.6223465965,73.241
GEO,2016,4143.40125686315,73.136
GEO,2017,4418.75206546679,73.435
GEO,2018,4804.0546040444,73.985
GEO,2019,4741.2832715876,74.165
GEO,2020,4300.85701291207,73.509
GEO,2021,5083.60695484577,71.635
GEO,2022,6729.84659930283,74.141
GEO,2023,8283.66960652261,74.496
DEU,2015,41911.0109851054,80.6414634146341
DEU,2016,42961.0356905775,80.990243902439
DEU,2017,45526.5999576533,80.9926829268293
DEU,2018,48874.8595028454,80.8926829268293
DEU,2019,47623.8656074829,81.2926829268293
DEU,2020,47379.765194548,81.0414634146342
DEU,2021,52265.6541620571,80.790243902439
DEU,2022,49686.1154582583,80.6080487804878
DEU,2023,53940.4073447462,80.5414634146342
GHA,2015,1722.77282833606,63.175
GHA,2016,1912.47991339951,63.522
GHA,2017,2012.28662641265,63.829
GHA,2018,2195.32166016377,64.138
GHA,2019,2186.65822682613,64.455
GHA,2020,2195.45481659987,64.309
GHA,2021,2445.18662529344,64.286
GHA,2022,2229.89122647803,65.246
GHA,2023,2383.90410483418,65.498
GRC,2015,17980.7298238137,81.0365853658537
GRC,2016,17919.2426377048,81.3878048780488
GRC,2017,18631.9930129293,81.2878048780488
GRC,2018,19873.4015238771,81.7878048780488
GRC,2019,19335.3602002969,81.6390243902439
GRC,2020,17886.733165236,81.2878048780488
GRC,2021,20654.7001960815,80.0829268292683
GRC,2022,20971.8349258283,80.7878048780488
GRC,2023,23400.7278817691,81.5365853658537
GRL,2015,44536.3549705377,71.4790243902439
GRL,2016,48181.7453541266,71.8385365853659
GRL,2017,50765.7494665372,71.9321951219512
GRL,2018,54545.135857765,71.9675609756098
GRL,2019,53309.2035905065,71.9443902439024
GRL,2020,54812.6661771023,71.8507317073171
GRL,2021,58135.9939910203,71.8139024390244
GRL,2022,55635.0006491223,71.5404878048781
GRL,2023,58498.9743142433,71.549756097561
GRD,2015,8694.12438005692,75.037
GRD,2016,9221.23461079424,75.01
GRD,2017,9751.42661155932,74.977
GRD,2018,10083.021279225,74.957
GRD,2019,10462.7929159533,74.971
GRD,2020,8968.55890108484,75.019
GRD,2021,9622.24050459345,74.522
GRD,2022,10535.4588771454,75.151
GRD,2023,11308.2874249451,75.205
GUM,2015,35165.7014644795,76.444
GUM,2016,35930.6594898711,76.449
GUM,2017,36779.0078903909,76.463
GUM,2018,37195.9503070464,76.561
GUM,2019,39274.9431424899,76.645
GUM,2020,36482.9363953675,75.529
GUM,2021,38074.8793745801,75.434
GUM,2022,41833.1517132825,77.102
GTM,2015,3893.50522093509,70.915
GTM,2016,4060.13754974186,71.215
GTM,2017,4324.99608157801,71.583
GTM,2018,4352.94651790253,71.496
GTM,2019,4511.99755157656,71.639
GTM,2020,4477.61761796418,69.971
GTM,2021,4912.62225721201,67.858
GTM,2022,5358.70127494396,71.206
GTM,2023,5758.30876298845,72.602
GIN,2015,747.356966759448,57.899
GIN,2016,711.996509782316,58.49
GIN,2017,833.598621691121,58.715
GIN,2018,933.273615633705,59.043
GIN,2019,1031.34146480732,59.379
GIN,2020,1053.66097696415,59.35
GIN,2021,1244.96550477914,59.373
GIN,2022,1416.59612011764,60.432
GIN,2023,1555.49375806861,60.74
GNB,2015,645.066837207039,60.071
GNB,2016,679.665386626818,60.619
GNB,2017,783.123186602022,61.148
GNB,2018,808.531613218504,61.652
GNB,2019,807.425524872835,62.161
GNB,2020,836.26731423732,61.343
GNB,2021,912.484104692847,61.653
GNB,2022,873.437861875428,63.605
GNB,2023,964.927554218909,64.085
GUY,2015,5640.41560569466,67.719
GUY,2016,5870.87823759835,68.069
GUY,2017,6178.6650437298,68.543
GUY,2018,6048.38697180418,68.829
GUY,2019,6405.82443444562,69.067
GUY,2020,6775.70939096303,67.751
GUY,2021,9860.87014834386,64.323
GUY,2022,17913.4928066879,69.888
GUY,2023,20473.7002190617,70.18
HTI,2015,1411.12684746796,63.224
HTI,2016,1318.40268167953,63.325
HTI,2017,1395.23945184461,63.832
HTI,2018,1496.38048970156,64.077
HTI,2019,1352.17204191532,64.328
HTI,2020,1290.32538667383,63.773
HTI,2021,1835.44394078496,62.613
HTI,2022,1760.62635668777,63.948
HTI,2023,1705.75808460999,64.936
HND,2015,2271.20265980349,71.323
HND,2016,2307.34468351082,71.615
HND,2017,2413.0076562942,71.805
HND,2018,2464.64241531918,72.001
HND,2019,2502.32744328073,72.124
HND,2020,2307.61494319511,70.864
HND,2021,2735.14751503977,69.492
HND,2022,3003.28996826399,72.715
HND,2023,3227.45762509776,72.884
HKG,2015,42432.1619740441,84.2526829268293
HKG,2016,43734.1980702999,84.2114634146342
HKG,2017,46160.429791493,84.6956097560976
HKG,2018,48537.5668888343,84.869756097561
HKG,2019,48359.0011950597,85.1558536585366
HKG,2020,46109.2299946609,85.4963414634146
HKG,2021,49770.5642374739,85.5326829268293
HKG,2022,48825.8441873536,83.6609756097561
HKG,2023,50565.4647717265,85.2473170731707
HUN,2015,12782.9412577973,75.5682926829269
HUN,2016,13215.8605277789,76.0634146341464
HUN,2017,14736.1668157258,75.8170731707317
HUN,2018,16605.0570511887,76.0658536585366
HUN,2019,17012.8598553199,76.3195121951219
HUN,2020,16386.9308821258,75.419512195122
HUN,2021,19030.628130329,74.0658536585366
HUN,2022,18483.6366867035,75.8682926829268
HUN,2023,22312.1790289763,76.7707317073171
ISL,2015,52951.6815110898,82.4682926829268
ISL,2016,61987.9263620283,82.2048780487805
ISL,2017,72010.1490316258,82.6609756097561
ISL,2018,74452.1890731447,82.8609756097561
ISL,2019,68452.23622306,83.1634146341463
ISL,2020,59023.5663465778,83.0634146341463
ISL,2021,69178.4046960961,83.1658536585366
ISL,2022,75121.0152280628,82.119512195122
ISL,2023,79960.0961535662,82.6073170731707
IND,2015,1583.99815907985,69.326
IND,2016,1707.50892912243,69.709
IND,2017,1950.10468280866,70.068
IND,2018,1966.25455171679,70.415
IND,2019,2041.42863698585,70.746
IND,2020,1907.04251637669,70.156
IND,2021,2239.61384367482,67.282
IND,2022,2347.44829434623,71.698
IND,2023,2530.12031278204,72.003
IDN,2015,3288.22269725538,69.52
IDN,2016,3521.46943457574,69.733
IDN,2017,3798.88326174526,69.953
IDN,2018,3860.95353090726,70.08
IDN,2019,4106.94856160358,70.349
IDN,2020,3853.70288774146,68.817
IDN,2021,4287.17313995098,67.452
IDN,2022,4730.83484836107,70.925
IDN,2023,4876.30774512252,71.146
IRN,2015,4952.73355532178,75.907
IRN,2016,5477.03712389913,76.155
IRN,2017,5753.11544659399,76.396
IRN,2018,4631.78709016514,76.621
IRN,2019,3831.27894763337,76.855
IRN,2020,2988.78122414716,74.141
IRN,2021,4334.79268631354,73.752
IRN,2022,4405.09291519791,76.799
IRN,2023,4465.63766853306,77.654
IRQ,2015,4440.14189252367,69.977
IRQ,2016,4334.42096404188,68.683
IRQ,2017,4759.2846435467,69.788
IRQ,2018,5646.68932074742,71.116
IRQ,2019,5671.8568632942,71.245
IRQ,2020,4295.18945121228,69.651
IRQ,2021,4868.49431080783,70.704
IRQ,2022,6520.73154560584,72.037
IRQ,2023,5965.31835077761,72.324
IRL,2015,64311.8234684057,81.4536585365854
IRL,2016,64192.9418053178,81.6536585365854
IRL,2017,72198.1076995377,82.1560975609756
IRL,2018,80738.9628834696,82.2048780487805
IRL,2019,81810.1926481407,82.7024390243903
IRL,2020,86622.5067251295,82.4560975609756
IRL,2021,103961.976350649,82.2536585365854
IRL,2022,105234.511567597,82.509756097561
IRL,2023,103887.800388081,82.8609756097561
IMN,2015,84753.5187422732,80.267
IMN,2016,82025.9454509241,80.391
IMN,2017,83481.3038489014,80.506
IMN,2018,89393.8244248812,80.614
IMN,2019,87127.5517977404,80.74
IMN,2020,79513.5330346598,80.591
IMN,2021,94299.969348965,80.42
IMN,2022,88328.548125887,80.956
ISR,2015,36213.1041481958,82.0512195121951
ISR,2016,37671.5389138798,82.4073170731707
ISR,2017,41138.470964272,82.5512195121951
ISR,2018,42362.6652754196,82.8024390243903
ISR,2019,44250.6313628073,82.8048780487805
ISR,2020,44575.5719045492,82.6487804878049
ISR,2021,52270.9040241956,82.5
ISR,2022,54949.621556429,82.7
ISR,2023,52003.7200729997,83.1951219512195
ITA,2015,30639.8829751432,82.5439024390244
ITA,2016,31391.5692898108,83.2439024390244
ITA,2017,32844.115660604,82.9463414634147
ITA,2018,34904.1081923834,83.3463414634146
ITA,2019,33812.788724868,83.4975609756098
ITA,2020,32091.4866621366,82.1951219512195
ITA,2021,36852.5425414951,82.6463414634146
ITA,2022,35653.9042103495,82.7
ITA,2023,39065.4244365633,83.7
JAM,2015,5062.8955502426,72.214
JAM,2016,5009.79448724295,72.052
JAM,2017,5259.31332766957,71.879
JAM,2018,5578.10347525832,71.606
JAM,2019,5607.24299266608,71.532
JAM,2020,4879.44025773374,71.452
JAM,2021,5165.33782130331,69.085
JAM,2022,6022.15339791763,71.481
JAM,2023,6839.72502408181,71.479
JPN,2015,34960.6393843385,83.7939024390244
JPN,2016,39375.4731620781,83.9848780487805
JPN,2017,38834.0529341227,84.099756097561
JPN,2018,39751.1330982711,84.2109756097561
JPN,2019,40415.9567649547,84.3563414634146
JPN,2020,40028.7341726762,84.56
JPN,2021,40094.5599795288,84.4456097560976
JPN,2022,34065.6438962526,83.9963414634146
JPN,2023,33836.1756271617,84.0412195121951
JOR,2015,4042.75678097555,75.06
JOR,2016,3986.71677010853,75.55
JOR,2017,4065.61628749384,76.071
JOR,2018,4145.43989673265,76.491
JOR,2019,4170.1144003465,76.865
JOR,2020,4022.0401356135,75.583
JOR,2021,4183.49998326866,74.204
JOR,2022,4332.25159897931,77.088
JOR,2023,4466.08314208575,77.814
KAZ,2015,10196.1226255982,72.024
KAZ,2016,7475.56688689424,72.549
KAZ,2017,8943.08416791984,72.996
KAZ,2018,9472.48527327758,73.369
KAZ,2019,9457.12614657136,73.658
KAZ,2020,8781.50797787648,71.195
KAZ,2021,9983.60103576902,70.131
KAZ,2022,11255.3396437881,73.503
KAZ,2023,12879.4275257974,74.402
KEN,2015,1489.11959777284,62.279
KEN,2016,1554.12610314423,62.526
KEN,2017,1667.48447230835,62.725
KEN,2018,1836.45275528993,62.825
KEN,2019,1960.40808854893,62.939
KEN,2020,1927.66459027849,61.596
KEN,2021,2061.35622089594,61.225
KEN,2022,2109.56288513137,63.549
KEN,2023,1952.30457929636,63.646
KIR,2015,1639.85274740652,65.831
KIR,2016,1742.66799324117,65.799
KIR,2017,1853.05122713319,65.787
KIR,2018,1912.73809378187,65.807
KIR,2019,1750.9977188915,65.866
KIR,2020,1751.7823197053,65.205
KIR,2021,2222.04829512346,64.148
KIR,2022,2069.76720110559,66.269
KIR,2023,2177.70114080416,66.473
KOR,2015,28737.4391706499,82.0243902439024
KOR,2016,29280.4403170048,82.2756097560976
KOR,2017,31600.7358741365,82.6268292682927
KOR,2018,33447.1562836166,82.6268292682927
KOR,2019,31902.4169048194,83.2268292682927
KOR,2020,31721.2989141857,83.4268292682927
KOR,2021,35125.5224984723,83.5268292682927
KOR,2022,32394.6833725203,82.6804878048781
KOR,2023,33121.3712885508,83.4292682926829
XKX,2015,3520.62850699375,76.024
XKX,2016,3759.44959067104,76.748
XKX,2017,4009.31799347588,77.105
XKX,2018,4384.18624084947,77.117
XKX,2019,4415.99716107514,77.249
XKX,2020,4310.89065548799,74.212
XKX,2021,5270.42965289833,74.981
XKX,2022,5290.94747224687,77.623
XKX,2023,6221.20365212094,78.033
KWT,2015,29882.2126867068,79.3765609756098
KWT,2016,27323.6890643847,79.6775853658537
KWT,2017,29047.6535822842,79.9160731707317
KWT,2018,32067.9623689512,80.1063658536585
KWT,2019,31707.8737464917,81.969756097561
KWT,2020,25236.0755520534,78.7609756097561
KWT,2021,34018.6342879647,78.7365853658537
KWT,2022,39981.7690981957,80.5878048780488
KWT,2023,34075.8490439847,83.1878048780488
KGZ,2015,1105.65193844261,70.6512195121951
KGZ,2016,1103.27489428412,70.9512195121951
KGZ,2017,1221.39046807082,71.2
KGZ,2018,1283.5203037417,71.4
KGZ,2019,1421.99927504102,71.6
KGZ,2020,1229.51766602907,71.8
KGZ,2021,1349.99730650542,71.9
KGZ,2022,1739.72018344174,72.0487804878049
KGZ,2023,2138.22210211478,72.2487804878049
LAO,2015,2121.01339097363,66.688
LAO,2016,2303.22156035363,67.014
LAO,2017,2432.43059478511,67.345
LAO,2018,2545.1075420815,67.594
LAO,2019,2589.32081035237,67.911
LAO,2020,2583.77730696131,68.339
LAO,2021,2526.05105018529,67.807
LAO,2022,2046.40440255621,68.715
LAO,2023,2066.94979776957,68.964
LVA,2015,13321.9753140616,74.4804878048781
LVA,2016,13838.5266823272,74.580487804878
LVA,2017,15132.4958333982,74.6292682926829
LVA,2018,17252.1710428626,74.7829268292683
LVA,2019,17294.9751600969,75.3878048780488
LVA,2020,17564.2321549354,75.1853658536585
LVA,2021,20261.8887788916,72.9804878048781
LVA,2022,20227.2307431581,74.2780487804878
LVA,2023,22675.5786295407,75.6780487804878
LBN,2015,7714.1099998804,78.275
LBN,2016,8089.012088155,78.306
LBN,2017,8608.21084982387,78.192
LBN,2018,9174.53666204759,78.263
LBN,2019,8905.88005497437,78.208
LBN,2020,5561.19166950397,76.299
LBN,2021,4045.37391066234,73.65
LBN,2022,3654.35845534878,78.003
LBN,2023,3477.72489842684,77.817
LSO,2015,1121.19851342518,51.83
LSO,2016,992.491840678465,52.908
LSO,2017,1069.36673247542,53.874
LSO,2018,1170.65569702819,54.638
LSO,2019,1082.05706777516,55.249
LSO,2020,918.582577421982,55.133
LSO,2021,1066.58643600093,54.209
LSO,2022,1030.12579628833,56.812
LSO,2023,916.282970463888,57.375
LBR,2015,692.590082351257,59.248
LBR,2016,714.613063145659,60.483
LBR,2017,699.269095727404,60.777
LBR,2018,692.203127129794,60.999
LBR,2019,658.164180770507,61.232
LBR,2020,616.787867006715,61.267
LBR,2021,667.96610514319,61.166
LBR,2022,744.617175237387,61.934
LBR,2023,799.194470229642,62.163
LBY,2015,7458.48917756374,71.644
LBY,2016,7525.80299308216,71.799
LBY,2017,9965.83236729757,72.721
LBY,2018,11196.5854810844,73.151
LBY,2019,9963.19489084483,72.941
LBY,2020,6650.33810585348,72.388
LBY,2021,4935.82787349801,72.062
LBY,2022,5986.63694851258,74.462
LBY,2023,6172.81246940233,69.339
LIE,2015,167187.15730982,82.6560975609756
LIE,2016,165375.491396259,82.2585365853659
LIE,2017,170547.092298954,83.7463414634147
LIE,2018,174988.775083446,83.0414634146342
LIE,2019,166907.839305016,84.1609756097561
LIE,2020,164671.093553454,81.6585365853659
LIE,2021,201944.830335076,84.4024390243902
LIE,2022,186821.881757157,84.1219512195122
LIE,2023,207973.617746758,84.8414634146342
LTU,2015,14269.8039878287,74.3219512195122
LTU,2016,14934.2702840428,74.6707317073171
LTU,2017,16800.1510246099,75.4804878048781
LTU,2018,19247.2315367967,75.6804878048781
LTU,2019,19608.7943945553,76.2829268292683
LTU,2020,20428.6478157394,75.0292682926829
LTU,2021,23870.4594851722,74.0365853658537
LTU,2022,25085.784063499,75.6439024390244
LTU,2023,27786.0057829276,76.9878048780488
LUX,2015,105462.012584423,82.2926829268293
LUX,2016,106899.293549552,82.6853658536585
LUX,2017,110193.213797228,82.0951219512195
LUX,2018,116926.759593905,82.2951219512195
LUX,2019,112696.649059674,82.6390243902439
LUX,2020,116860.02817236,82.1439024390244
LUX,2021,134965.815442152,82.5975609756098
LUX,2022,123719.658915996,82.9463414634147
LUX,2023,131407.681364513,83.3585365853659
MAC,2015,70070.2918001631,83.2243902439024
MAC,2016,69074.0363049212,83.2756097560976
MAC,2017,77704.9215312666,83.5268292682927
MAC,2018,83761.8171798142,83.6780487804878
MAC,2019,81967.699172769,83.9292682926829
MAC,2020,36976.2561071429,84.1292682926829
MAC,2021,45376.314586156,83.7292682926829
MAC,2022,36909.9564090312,83.0804878048781
MAC,2023,67476.5290813306,83.1804878048781
MDG,2015,445.320069480568,63.362
MDG,2016,453.970714522463,63.431
MDG,2017,491.866848718929,63.433
MDG,2018,500.45718552916,63.491
MDG,2019,499.818837622534,63.504
MDG,2020,450.771615201509,62.706
MDG,2021,483.469463351371,62.516
MDG,2022,503.514533472879,63.068
MDG,2023,508.718427705736,63.632
MWI,2015,539.605363240686,62.324
MWI,2016,450.506105510719,63.163
MWI,2017,495.769683367165,63.914
MWI,2018,533.203173686705,64.464
MWI,2019,580.889816066776,64.995
MWI,2020,602.507478176106,65.216
MWI,2021,617.447520802454,64.782
MWI,2022,604.269751184515,66.037
MWI,2023,602.343619809252,67.353
MYS,2015,9648.6797937523,75.288
MYS,2016,9476.53409809923,75.371
MYS,2017,9862.54806612235,75.542
MYS,2018,10901.8019954421,75.734
MYS,2019,10920.191763972,75.9
MYS,2020,9957.52626697613,76.057
MYS,2021,10903.1116425938,73.917
MYS,2022,11748.0919307944,75.444
MYS,2023,11379.0851923557,76.657
MDV,2015,9644.90655028145,78.607
MDV,2016,9947.80744731739,78.913
MDV,2017,10509.628805812,79.228
MDV,2018,11423.2838427029,79.433
MDV,2019,11740.2724029785,79.707
MDV,2020,7393.8886543933,78.713
MDV,2021,10176.143882547,78.052
MDV,2022,11786.0091545343,80.76
MDV,2023,12530.3602359683,81.041
MLI,2015,838.11986940103,57.852
MLI,2016,872.468587171653,58.286
MLI,2017,924.057531692284,58.562
MLI,2018,996.379292136901,58.873
MLI,2019,971.949318638092,59.217
MLI,2020,953.242943290974,58.858
MLI,2021,1027.27345365357,59.116
MLI,2022,969.72220560562,60.035
MLI,2023,1035.86242628411,60.439
MLT,2015,25529.6813131565,81.8975609756097
MLT,2016,26459.0772054811,82.4536585365854
MLT,2017,30317.2443357939,82.3463414634146
MLT,2018,33382.2677502638,82.2487804878049
MLT,2019,32421.9179753188,82.6585365853659
MLT,2020,31833.596382464,82.0975609756098
MLT,2021,38065.354346575,82.2585365853659
MLT,2022,36224.2819955817,82.4487804878049
MLT,2023,40182.4313854634,83.5073170731707
MHL,2015,3764.34426229508,65.292
MHL,2016,4229.80988911945,65.477
MHL,2017,4592.83457628576,65.673
MHL,2018,4858.12079054875,65.87
MHL,2019,5292.33985502306,66.047
MHL,2020,5661.96787336674,65.387
MHL,2021,6258.61193705127,65.421
MHL,2022,6322.82855503156,66.725
MHL,2023,6678.34239060448,66.945
MRT,2015,1554.94897871782,66.498
MRT,2016,1565.76575722696,66.823
MRT,2017,1615.00401327323,67.088
MRT,2018,1722.93528854073,67.419
MRT,2019,1767.072710621,67.64
MRT,2020,1795.76459566714,66.794
MRT,2021,1947.78918383313,66.762
MRT,2022,1960.35240077424,68.281
MRT,2023,2120.82318421747,68.484
MUS,2015,9507.87133656424,74.3531707317073
MUS,2016,9965.72531085228,74.3948780487805
MUS,2017,10841.6847754844,74.5146341463415
MUS,2018,11643.4605962124,74.4163414634146
MUS,2019,11403.2527870674,74.2358536585366
MUS,2020,9011.04288445023,74.1770731707317
MUS,2021,9068.97300226707,73.680243902439
MUS,2022,10223.7882316574,73.5146341463415
MUS,2023,11182.186568616,73.4121951219512
MEX,2015,10021.2386124039,74.431
MEX,2016,9097.92397674769,74.376
MEX,2017,9649.27816772402,74.261
MEX,2018,10084.7937553679,74.301
MEX,2019,10369.5553585271,74.53
MEX,2020,8841.2707511328,70.449
MEX,2021,10314.0506725979,69.75
MEX,2022,11402.1410374782,73.973
MEX,2023,13826.1306570122,75.069
FSM,2015,2911.16211045292,65.306
FSM,2016,2979.60119184048,65.576
FSM,2017,3279.10779039285,65.761
FSM,2018,3566.58690371125,65.943
FSM,2019,3572.65918282222,66.196
FSM,2020,3362.02793142215,65.878
FSM,2021,3508.22356270221,66.152
FSM,2022,3710.12448453257,66.961
FSM,2023,3941.37247887414,67.198
MDA,2015,2749.55137054338,70.118
MDA,2016,2847.08794770479,70.179
MDA,2017,3453.26727720294,70.375
MDA,2018,4156.44981956646,70.236
MDA,2019,4405.33418162155,70.181
MDA,2020,4375.7788930524,69.914
MDA,2021,5274.60582195352,68.991
MDA,2022,5744.29618434435,71.546
MDA,2023,6799.58594644576,71.198
MCO,2015,170437.101188261,85.323
MCO,2016,173604.753555915,85.63
MCO,2017,170663.375247872,85.878
MCO,2018,188298.315668437,86.084
MCO,2019,193746.785647412,86.151
MCO,2020,176891.886538492,86.089
MCO,2021,223823.363960226,85.113
MCO,2022,226052.001905201,85.746
MCO,2023,256580.515122745,86.372
MNG,2015,3838.92126989984,70.810243902439
MNG,2016,3619.90026383792,70.2239024390244
MNG,2017,3645.96708669551,70.5434146341463
MNG,2018,4107.64288528468,70.8270731707317
MNG,2019,4347.54610314873,71.0531707317073
MNG,2020,4001.25193077703,71.3490243902439
MNG,2021,4517.61578018785,71.6451219512195
MNG,2022,4993.51487463495,71.9007317073171
MNG,2023,5838.63108083902,72.1224390243902
MNE,2015,6491.19280618646,76.6024390243903
MNE,2016,6999.1358134109,76.5414634146342
MNE,2017,7758.36921956034,76.6853658536585
MNE,2018,8790.88152116679,77.8853658536585
MNE,2019,8842.48528706869,76.6829268292683
MNE,2020,7612.62845881291,75.9317073170732
MNE,2021,9377.48879714989,73.8243902439024
MNE,2022,9990.20444616996,76.1878048780488
MNE,2023,12077.3747094687,77.5878048780488
MAR,2015,3146.24780273438,72.894
MAR,2016,3140.85546875,73.228
MAR,2017,3296.52661132813,73.608
MAR,2018,3501.69799804688,73.946
MAR,2019,3508.09765625,74.245
MAR,2020,3268.0302734375,73.133
MAR,2021,3785.93627929688,73.385
MAR,2022,3455.39624023438,75.161
MAR,2023,3771.4462890625,75.313
MOZ,2015,610.563774706589,58.711
MOZ,2016,441.489734819071,59.455
MOZ,2017,470.93856305196,60.148
MOZ,2018,517.507260258101,60.79
MOZ,2019,519.09255091362,61.306
MOZ,2020,462.433876479921,61.39
MOZ,2021,509.907829475551,60.268
MOZ,2022,578.251663751351,63.011
MOZ,2023,622.985619320596,63.611
MMR,2015,1166.73305546337,65.288
MMR,2016,1229.19713515893,65.64
MMR,2017,1272.82241830603,65.909
MMR,2018,1298.21310320785,66.232
MMR,2019,1425.98954211903,66.457
MMR,2020,1490.21683548367,66.612
MMR,2021,1242.72134419599,65.553
MMR,2022,1158.05005034332,66.506
MMR,2023,1233.19666209269,66.889
NAM,2015,4774.10650865775,60.008
NAM,2016,4395.68776162376,60.81
NAM,2017,5143.96072323076,61.661
NAM,2018,5308.60813408705,62.579
NAM,2019,4731.9210318831,63.546
NAM,2020,3878.58982993966,64.071
NAM,2021,4412.8355693052,60.85
NAM,2022,4349.79908493314,64.19
NAM,2023,4187.60500350786,67.385
NRU,2015,7703.43149943923,60.897
NRU,2016,8724.30700255019,60.996
NRU,2017,9613.41209082575,61.101
NRU,2018,11408.6947593898,61.238
NRU,2019,10776.8284610316,61.393
NRU,2020,10695.6993301601,61.527
NRU,2021,14989.6647450751,61.331
NRU,2022,12896.4341046481,61.93
NRU,2023,12754.1867566585,62.109
NPL,2015,875.543635474862,67.374
NPL,2016,877.256454696737,68.444
NPL,2017,1034.28374906846,68.74
NPL,2018,1179.19843190389,69.036
NPL,2019,1203.14294706401,69.299
NPL,2020,1154.21517578318,69.106
NPL,2021,1252.75076731986,68.385
NPL,2022,1385.91066274851,70.087
NPL,2023,1382.33055769304,70.354
NLD,2015,45793.8135434697,81.509756097561
NLD,2016,46808.5291492503,81.5609756097561
NLD,2017,49513.6817346384,81.7609756097561
NLD,2018,53955.0770024266,81.8121951219512
NLD,2019,53554.9007491475,82.1121951219512
NLD,2020,53467.9277413737,81.3585365853659
NLD,2021,60141.9880911492,81.309756097561
NLD,2022,59123.318556487,81.6146341463415
NLD,2023,64572.0059558854,81.9146341463415
NCL,2015,30858.7237060533,77.206
NCL,2016,30782.8544433514,77.359
NCL,2017,32354.7102832901,77.504
NCL,2018,34902.8968780031,77.557
NCL,2019,33411.3358835672,77.262
NCL,2020,33270.330597637,77.049
NCL,2021,35311.5543551452,77.113
NCL,2022,33516.363085906,77.698
NZL,2015,38665.3723018158,81.6124390243903
NZL,2016,40113.7195382428,81.6585365853659
NZL,2017,42950.3841711138,81.8585365853659
NZL,2018,43257.0769238879,81.7073170731707
NZL,2019,42779.2298164101,82.0560975609756
NZL,2020,41850.92032802,82.2560975609756
NZL,2021,49689.498134519,82.2073170731707
NZL,2022,48760.0381935936,81.9585365853658
NZL,2023,48654.904227478,83.0048780487805
NIC,2015,2074.45620634731,72.899
NIC,2016,2131.68704828322,73.18
NIC,2017,2182.61380995674,73.389
NIC,2018,2035.16549390507,73.879
NIC,2019,1958.62051528095,73.764
NIC,2020,1938.44704754382,70.766
NIC,2021,2138.38588469449,70.478
NIC,2022,2322.89053964583,74.463
NIC,2023,2609.44492072931,74.947
NER,2015,485.662574175279,58.85
NER,2016,502.706475406446,59.228
NER,2017,521.804130023434,59.524
NER,2018,578.568035680892,59.765
NER,2019,561.691304349698,60.031
NER,2020,579.512495758236,59.89
NER,2021,608.722439593808,59.542
NER,2022,609.745147661683,60.398
NER,2023,638.336080723299,61.183
NGA,2015,2585.73360671797,51.939
NGA,2016,2070.4127339595,52.189
NGA,2017,1876.34027111773,52.397
NGA,2018,2057.87944554011,52.669
NGA,2019,2265.15520863056,53.009
NGA,2020,2019.65706326224,53.072
NGA,2021,2017.27486481527,53.455
NGA,2022,2139.37478476974,54.079
NGA,2023,1596.63696129001,54.462
MKD,2015,5262.68671928674,75.4024390243902
MKD,2016,5598.48622617967,75.4
MKD,2017,5955.2973863451,75.9536585365854
MKD,2018,6713.98925398989,76.6487804878049
MKD,2019,6718.85826635458,76.6024390243903
MKD,2020,6659.59651070776,74.3951219512195
MKD,2021,7620.80296977508,73.2463414634146
MKD,2022,7606.2375253797,74.4248780487805
MKD,2023,8624.28400232117,75.3160975609756
MNP,2015,17665.1007493109,77.36
MNP,2016,24225.474169342,77.392
MNP,2017,31225.6049960968,77.47
MNP,2018,26509.3628379893,77.51
MNP,2019,24496.6652122421,77.844
MNP,2020,18220.8382427201,78.03
MNP,2021,19455.50139424,78.16
MNP,2022,23785.754590043,78.531
NOR,2015,74809.9658049898,82.3048780487805
NOR,2016,70867.3609970749,82.4073170731707
NOR,2017,76131.8384032764,82.609756097561
NOR,2018,82792.8427113304,82.7585365853659
NOR,2019,76430.5889473338,82.9585365853659
NOR,2020,68340.0181033702,83.209756097561
NOR,2021,93072.8925119571,83.1634146341463
NOR,2022,109269.520580298,82.509756097561
NOR,2023,87497.3289297342,83.1121951219512
OMN,2015,18808.3077921839,79.346
OMN,2016,17110.1897460545,79.581
OMN,2017,17820.0661809335,79.748
OMN,2018,19901.7615642016,79.864
OMN,2019,19180.1864152801,79.946
OMN,2020,16784.8630630058,77.763
OMN,2021,19403.4600160211,75.969
OMN,2022,23223.5829405935,77.911
OMN,2023,20972.4830886637,80.031
PAK,2015,1380.47020838317,65.641
PAK,2016,1424.69161195897,65.943
PAK,2017,1519.23459514248,66.223
PAK,2018,1569.33814626355,66.481
PAK,2019,1390.41690981745,66.729
PAK,2020,1278.39735206896,65.701
PAK,2021,1455.31922370186,65.773
PAK,2022,1538.3228133171,67.417
PAK,2023,1365.16927410976,67.649
PLW,2015,15690.759707372,69.07
PLW,2016,16762.5723436534,69.046
PLW,2017,16034.1342914889,69.019
PLW,2018,16197.7265072415,68.989
PLW,2019,15841.1956399595,68.982
PLW,2020,14556.5872302158,68.689
PLW,2021,13257.2063206433,68.563
PLW,2022,14392.2011374514,68.922
PLW,2023,15899.4246065324,69.269
PAN,2015,14082.6548502728,77.583
PAN,2016,14832.3611608191,77.772
PAN,2017,15694.6297454295,77.901
PAN,2018,16151.3273478476,78.266
PAN,2019,16477.9066285687,78.514
PAN,2020,13290.5608347594,76.33
PAN,2021,15509.8069109784,77.004
PAN,2022,17332.4360742988,79.324
PAN,2023,18686.4050961265,79.594
PNG,2015,2484.5963398603,64.473
PNG,2016,2316.39479758492,64.7
PNG,2017,2477.76530986323,64.923
PNG,2018,2566.36833735041,65.114
PNG,2019,2575.77274140393,65.331
PNG,2020,2429.61134585269,65.075
PNG,2021,2607.57861874444,64.358
PNG,2022,3102.28968594061,65.274
PNG,2023,2966.06830432055,66.134
PRY,2015,5879.33792308671,73.454
PRY,2016,5775.1596339946,73.487
PRY,2017,6152.26711537703,73.45
PRY,2018,6258.44991640954,73.627
PRY,2019,5821.18199548637,73.668
PRY,2020,5365.47220721191,72.72
PRY,2021,5976.9317978996,68.108
PRY,2022,6205.6259537937,72.319
PRY,2023,6299.99026533643,73.844
PER,2015,6231.71150338894,75.732
PER,2016,6217.03599995447,75.951
PER,2017,6736.16693725487,75.958
PER,2018,6978.49121548627,76.018
PER,2019,7037.00803692604,76.275
PER,2020,6133.32552410183,73.832
PER,2021,6826.20255614477,71.596
PER,2022,7350.63034300417,76.834
PER,2023,7887.54185920108,77.74
PHL,2015,2909.85818010301,69.45
PHL,2016,2985.19564024046,69.49
PHL,2017,3038.12124959289,69.966
PHL,2018,3168.51036609727,69.761
PHL,2019,3400.78949767074,69.68
PHL,2020,3227.57910235199,70.097
PHL,2021,3484.38593882819,66.675
PHL,2022,3548.06930572116,69.472
PHL,2023,3804.08274131097,69.833
POL,2015,12637.5220324406,77.4512195121951
POL,2016,12464.0121044827,77.8512195121951
POL,2017,13913.3415190124,77.7536585365854
POL,2018,15658.210586693,77.6024390243903
POL,2019,15874.5220531254,77.9048780487805
POL,2020,16150.9291009726,76.4
POL,2021,18635.5088812509,75.3512195121951
POL,2022,18891.213529396,77.1560975609756
POL,2023,22145.2643088909,78.5073170731707
PRT,2015,19215.7813014347,81.1243902439025
PRT,2016,19980.2808866516,81.1243902439025
PRT,2017,21442.3842768879,81.4243902439025
PRT,2018,23541.1401075289,81.3243902439024
PRT,2019,23343.3628970034,81.6756097560976
PRT,2020,22299.4044062173,81.3292682926829
PRT,2021,24711.4510062111,81.3780487804878
PRT,2022,24620.519556875,81.6317073170732
PRT,2023,27386.2920595024,82.2804878048781
PRI,2015,29242.041465085,80.677
PRI,2016,29978.0889268918,80.355
PRI,2017,30328.4871132804,79.07
PRI,2018,30679.9181934488,81.086
PRI,2019,31830.5284993358,81.438
PRI,2020,31427.1130762831,80.009
PRI,2021,32619.0704601174,79.77
PRI,2022,35353.6821570014,79.427
PRI,2023,36948.4036416846,81.69
QAT,2015,68985.2946961507,81.785
QAT,2016,61253.6375482797,82.147
QAT,2017,63279.8556949332,82.458
QAT,2018,71039.8490579352,82.714
QAT,2019,66841.3013484919,82.945
QAT,2020,51683.5054376677,80.409
QAT,2021,71751.8831257169,81.083
QAT,2022,88701.463352273,81.857
QAT,2023,80195.8746508549,82.368
ROU,2015,8977.01748158196,74.9121951219512
ROU,2016,9404.54005870715,75.209756097561
ROU,2017,10727.9822007426,75.209756097561
ROU,2018,12502.2624061935,75.3585365853659
ROU,2019,12992.0326104674,75.6073170731707
ROU,2020,13082.3006559554,74.2536585365854
ROU,2021,14986.7854904274,72.809756097561
ROU,2022,15557.8826247584,75.1536585365854
ROU,2023,18404.2730871704,76.6073170731707
RUS,2015,9277.7138671875,71.1834146341463
RUS,2016,8663.158203125,71.6512195121951
RUS,2017,10658.9130859375,72.4514634146342
RUS,2018,11211.8876953125,72.6621951219512
RUS,2019,11447.701171875,73.0839024390244
RUS,2020,10108.3271484375,71.3387804878049
RUS,2021,12425.029296875,69.900243902439
RUS,2022,15619.6142578125,72.5456097560976
RUS,2023,14159.3876953125,73.2546341463415
RWA,2015,733.998630392314,65.419
RWA,2016,729.519134044611,65.733
RWA,2017,758.300966737624,66.14
RWA,2018,771.773511057901,66.354
RWA,2019,810.051412137354,66.691
RWA,2020,778.701498787411,66.953
RWA,2021,829.544845639777,66.85
RWA,2022,975.469323979541,67.528
RWA,2023,1027.03446804432,67.785
WSM,2015,4084.36083819933,71.06
WSM,2016,4147.07097674888,71.003
WSM,2017,4307.59381964907,70.991
WSM,2018,4231.81409469194,71.052
WSM,2019,4351.94234943706,70.269
WSM,2020,4099.6600907147,70.727
WSM,2021,3947.64517905415,71.096
WSM,2022,3869.46639492144,71.55
WSM,2023,4330.17840531329,71.698
SMR,2015,43146.8240435428,84.596
SMR,2016,44359.4797662688,84.775
SMR,2017,45192.0279766943,84.933
SMR,2018,47950.6880557136,85.095
SMR,2019,46627.0122356944,85.257
SMR,2020,44426.6463400658,82.65
SMR,2021,54168.9828262684,83.539
SMR,2022,54264.570495898,85.708
STP,2015,1298.10946596396,66.023
STP,2016,1434.87018050521,66.563
STP,2017,1555.79477812888,67.074
STP,2018,1825.59971753966,67.602
STP,2019,1935.2931816596,68.043
STP,2020,2167.22001796925,67.979
STP,2021,2362.58827248102,68.026
STP,2022,2389.73729784737,69.237
STP,2023,2940.93352926715,69.718
SAU,2015,23256.1549553531,77.776
SAU,2016,22267.7217050387,78.354
SAU,2017,23929.2907135982,78.721
SAU,2018,29360.0658968566,78.75
SAU,2019,29566.7933827436,78.313
SAU,2020,24338.8307301067,77.596
SAU,2021,31920.7653655643,77.089
SAU,2022,38510.2276211037,77.31
SAU,2023,36156.848337701,78.732
SEN,2015,1218.00613555438,66.451
SEN,2016,1266.43957151587,66.724
SEN,2017,1356.80518449031,67.059
SEN,2018,1452.55612562445,67.379
SEN,2019,1431.18128932159,67.668
SEN,2020,1461.08720350553,67.496
SEN,2021,1598.10676952274,66.868
SEN,2022,1574.0281059306,67.788
SEN,2023,1698.03387300843,68.683
SRB,2015,5820.3215576888,75.2878048780488
SRB,2016,5982.37030126471,75.6878048780488
SRB,2017,6548.03653824187,75.5390243902439
SRB,2018,7559.86165747394,75.890243902439
SRB,2019,7755.632986437,75.9365853658537
SRB,2020,8098.70955668849,74.4780487804878
SRB,2021,9680.52798074468,72.780487804878
SRB,2022,10022.9688543402,75.2365853658537
SRB,2023,12281.5058488303,76.2209756097561
SYC,2015,15333.1051727105,74.2951219512195
SYC,2016,16566.9946042294,74.309756097561
SYC,2017,17480.3651911372,74.3
SYC,2018,18440.2340460932,72.8414634146341
SYC,2019,19141.5118743615,74.0463414634146
SYC,2020,14041.4754074575,77.2365853658537
SYC,2021,14982.9111487767,73.3975609756097
SYC,2022,16836.6721895387,73.7024390243903
SYC,2023,18262.7115849287,74.9585365853659
SLE,2015,964.575980888989,55.454
SLE,2016,844.416411175476,56.937
SLE,2017,779.186007841728,57.761
SLE,2018,845.914540460932,59.059
SLE,2019,844.049555179116,59.593
SLE,2020,845.982914284565,59.694
SLE,2021,886.192939104469,60.26
SLE,2022,860.774590932595,61.275
SLE,2023,757.848680560444,61.786
SGP,2015,55645.6068614606,82.7439024390244
SGP,2016,57005.5887176547,82.8463414634146
SGP,2017,61236.251270627,83.0951219512195
SGP,2018,66881.6067035265,83.2975609756098
SGP,2019,65952.0378959293,83.5951219512195
SGP,2020,61410.0792630788,83.5439024390244
SGP,2021,80056.1288247844,83.0926829268293
SGP,2022,90299.0694637269,82.8951219512195
SGP,2023,85412.230345235,82.8951219512195
SXM,2015,37839.6283815163,75.899
SXM,2016,37308.6147795736,75.952
SXM,2017,34701.3058494468,75.455
SXM,2018,31708.3110124742,75.693
SXM,2019,34861.469528968,75.68
SXM,2020,30150.8998380477,75.002
SXM,2021,32548.4366854902,74.505
SXM,2022,36476.6300833859,76.18
SXM,2023,38077.5444869761,76.371
SVK,2015,16442.0760860018,76.5634146341463
SVK,2016,16636.0769133073,77.1658536585366
SVK,2017,17645.5298716761,77.1658536585366
SVK,2018,19573.3717031314,77.2658536585366
SVK,2019,19406.0589683582,77.6658536585366
SVK,2020,19735.4858280801,76.8658536585366
SVK,2021,22132.4483028948,74.6146341463415
SVK,2022,21334.6011006572,76.9658536585366
SVK,2023,24673.5482979144,78.0170731707317
SVN,2015,20697.2748530619,80.7756097560976
SVN,2016,21447.8377796036,81.1756097560976
SVN,2017,23303.077705959,81.0292682926829
SVN,2018,25888.0481065655,81.3780487804878
SVN,2019,25814.1687167572,81.5292682926829
SVN,2020,25392.0651093612,80.5317073170732
SVN,2021,29187.369382785,80.6756097560976
SVN,2022,28373.8382265999,81.2829268292683
SVN,2023,32610.110922729,81.9780487804878
SLB,2015,2045.47889485251,69.323
SLB,2016,2082.62989047871,69.501
SLB,2017,2143.57465243959,69.652
SLB,2018,2278.20633913383,69.806
SLB,2019,2223.66502559565,69.981
SLB,2020,2063.33101522108,69.258
SLB,2021,1996.86976779348,68.89
SLB,2022,2005.4139933198,70.409
SLB,2023,2076.10768772563,70.528
SOM,2015,445.583080073396,55.056
SOM,2016,460.928490585175,55.283
SOM,2017,510.939952317726,52.19
SOM,2018,509.525801898508,54.767
SOM,2019,539.893931565407,57.249
SOM,2020,518.184778494334,57.095
SOM,2021,549.114742721701,55.703
SOM,2022,573.128092472349,53.931
SOM,2023,597.458854603043,58.816
ZAF,2015,6112.27382485974,64.053
ZAF,2016,5651.20585165749,64.749
ZAF,2017,6618.33508255701,65.422
ZAF,2018,6914.1780318076,65.726
ZAF,2019,6533.71121032856,66.071
ZAF,2020,5580.60383075189,65.15
ZAF,2021,6843.39941886204,62.01
ZAF,2022,6523.41097815853,65.454
ZAF,2023,6022.54254192335,66.139
SSD,2015,1080.14718624765,39.757
ESP,2015,25982.4416197775,82.8317073170732
ESP,2016,26755.6061149398,83.3292682926829
ESP,2017,28381.3425596906,83.2829268292683
ESP,2018,30602.4212881113,83.4317073170732
ESP,2019,29786.5245689007,83.8317073170732
ESP,2020,27233.9426461608,82.2317073170732
ESP,2021,30799.4775937775,83.1780487804878
ESP,2022,30270.2687017458,83.1341463414634
ESP,2023,33509.0127982139,83.8829268292683
LKA,2015,4057.7158346231,75.99
LKA,2016,4149.19190775593,76.136
LKA,2017,4398.88828068715,76.239
LKA,2018,4358.56095906047,76.485
LKA,2019,4081.94772722003,76.698
LKA,2020,3847.60137695639,76.928
LKA,2021,3996.96240014909,76.278
LKA,2022,3342.63650253855,77.3
LKA,2023,3798.89016573011,77.483
KNA,2015,20328.8003530109,71.211
KNA,2016,21387.5415511103,71.227
KNA,2017,22464.9899633959,71.284
KNA,2018,22901.3816403197,71.336
KNA,2019,23595.4923231291,71.54
KNA,2020,18859.0190361046,71.181
KNA,2021,18361.1449697886,69.271
KNA,2022,20985.0112160159,70.313
KNA,2023,22600.4502299468,72.145
LCA,2015,10334.9860823918,72.932
LCA,2016,10638.1269396653,72.552
LCA,2017,11333.1123822102,72.522
LCA,2018,11642.6984727769,72.655
LCA,2019,11794.0597229805,72.249
LCA,2020,8411.07474936367,72.308
LCA,2021,10459.1321248092,69.119
LCA,2022,13103.8243147472,72.67
LCA,2023,13554.7684784933,72.697
MAF,2019,19033.0594854512,80.078
MAF,2021,21668.3740927942,80.206
VCT,2015,7353.73556054184,70.463
VCT,2016,7656.90042881178,70.7
VCT,2017,7988.04445019298,71.013
VCT,2018,8428.12677153069,71.017
VCT,2019,8740.59425232061,70.994
VCT,2020,8351.20324040982,69.605
VCT,2021,8641.27904024443,69.132
VCT,2022,9693.55867833025,71.191
VCT,2023,10582.3656725229,71.23
SDN,2015,1292.37963867188,64.375
SDN,2016,1033.21594238281,64.677
SDN,2017,966.505676269531,65.146
SDN,2018,731.027465820313,65.501
SDN,2019,709.975280761719,65.803
SDN,2020,577.795227050781,65.124
SDN,2021,712.122009277344,64.46
SDN,2022,1046.24084472656,65.695
SDN,2023,797.283447265625,66.331
SUR,2015,8813.61705392067,70.567
SUR,2016,5644.2061057532,70.979
SUR,2017,6049.52128553675,71.247
SUR,2018,6665.74180472239,71.468
SUR,2019,6629.66775248603,71.773
SUR,2020,4755.39221710693,72.321
SUR,2021,5029.84838543953,68.943
SUR,2022,6084.43876736445,73.254
SUR,2023,5494.07409425517,73.631
SWE,2015,51197.9529341175,82.2048780487805
SWE,2016,51820.3972482676,82.3073170731707
SWE,2017,53300.8587281785,82.409756097561
SWE,2018,54181.9069780904,82.5585365853659
SWE,2019,51773.0464558993,83.109756097561
SWE,2020,52653.7565934247,82.3560975609756
SWE,2021,61174.9680215622,83.0560975609756
SWE,2022,55296.9371472535,83.0585365853659
SWE,2023,55567.0890080496,83.309756097561
CHE,2015,83806.4476003837,82.8975609756098
CHE,2016,82153.0745447889,83.6024390243903
CHE,2017,82254.3770471336,83.5512195121951
CHE,2018,85217.3691512274,83.7536585365854
CHE,2019,84121.9310304414,83.9048780487805
CHE,2020,85897.7843338323,83.0
CHE,2021,93664.7736696111,83.7512195121951
CHE,2022,94394.5106803525,83.6048780487805
CHE,2023,100631.802755125,84.0560975609756
SYR,2015,847.731631942565,63.265
SYR,2016,656.3490586313,65.19
SYR,2017,851.502005254153,65.651
SYR,2018,1098.0668642357,67.371
SYR,2019,1109.53926036049,70.97
SYR,2020,572.355289831901,71.944
SYR,2021,663.614245706815,72.418
SYR,2022,1051.67149587463,72.79
SYR,2023,847.372723418531,72.12
TJK,2015,956.916310930656,69.665
TJK,2016,788.710481734485,69.982
TJK,2017,829.45714764957,70.524
TJK,2018,834.288404578801,70.737
TJK,2019,871.022372934846,70.962
TJK,2020,834.311715460625,68.605
TJK,2021,896.748053372182,69.594
TJK,2022,1052.17949484894,71.562
TJK,2023,1178.47990060249,71.79
TZA,2015,939.127319335938,63.928
TZA,2016,953.0107421875,64.404
TZA,2017,986.674011230469,64.963
TZA,2018,1023.10626220703,65.488
TZA,2019,1063.32250976563,66.007
TZA,2020,1117.41528320313,66.771
TZA,2021,1159.85656738281,66.131
TZA,2022,1207.85302734375,66.879
TZA,2023,1224.48962402344,66.995
THA,2015,5688.85335397884,76.563
THA,2016,5833.57715617098,76.769
THA,2017,6413.09182530343,76.989
THA,2018,7099.77650081458,77.19
THA,2019,7605.69657797759,77.197
THA,2020,6985.64393892574,77.331
THA,2021,7057.20754802279,77.606
THA,2022,6909.35281815827,75.291
THA,2023,7195.10130919449,76.412
TLS,2015,1319.59297370991,65.326
TLS,2016,1335.54390089814,65.61
TLS,2017,1266.17767952941,65.898
TLS,2018,1219.46599728983,66.204
TLS,2019,1562.36458068032,66.496
TLS,2020,1630.86938521256,66.919
TLS,2021,2684.82702378987,66.199
TLS,2022,2343.24523350389,67.368
TLS,2023,1502.51964514186,67.689
TGO,2015,751.052405084336,59.22
TGO,2016,772.581787093976,59.669
TGO,2017,792.765487219069,60.135
TGO,2018,851.130806891807,60.601
TGO,2019,826.260654099894,61.055
TGO,2020,853.578220263722,61.123
TGO,2021,939.613373786407,61.328
TGO,2022,898.758154410712,62.29
TGO,2023,985.697512629974,62.739
TON,2015,4123.90347238813,71.851
TON,2016,3987.98618837043,71.951
TON,2017,4365.92929788648,72.066
TON,2018,4638.8978542585,72.169
TON,2019,4676.84802517145,72.292
TON,2020,4700.44940541029,72.379
TON,2021,4912.57966349119,72.13
TON,2022,4933.07466930785,72.635
TON,2023,4863.76384632192,72.895
TTO,2015,19887.2337359338,72.882
TTO,2016,17449.1623528186,72.935
TTO,2017,17578.6417765865,72.984
TTO,2018,17575.8042838042,72.658
TTO,2019,17293.4730123427,72.836
TTO,2020,15358.8612973066,72.645
TTO,2021,17679.1812561341,71.111
TTO,2022,20874.37682915,73.331
TTO,2023,18639.259241294,73.49
TUN,2015,4014.94773686432,74.875
TUN,2016,3847.80354448809,75.007
TUN,2017,3619.03247319953,75.177
TUN,2018,3628.10366464236,75.37
TUN,2019,3528.87213306798,75.599
TUN,2020,3548.65363663803,75.004
TUN,2021,3906.93926319391,72.893
TUN,2022,3708.8481241036,76.05
TUN,2023,3950.3753419816,76.508
TUR,2015,11049.9951100942,76.539
TUR,2016,10970.0458948862,76.595
TUR,2017,10695.550196231,77.037
TUR,2018,9568.83506330228,77.454
TUR,2019,9215.44049888114,77.737
TUR,2020,8638.73903848102,76.525
TUR,2021,9743.21277804855,75.722
TUR,2022,10674.504157865,77.591
TUR,2023,13105.6585004778,77.156
TKM,2015,5759.497903834,69.061
TKM,2016,5686.98040962764,69.142
TKM,2017,5828.4816623489,69.19
TKM,2018,6125.05169712085,69.272
TKM,2019,6648.0348960628,69.405
TKM,2020,6592.60146027748,68.846
TKM,2021,7051.20211079213,69.353
TKM,2022,8156.35211950774,69.913
TKM,2023,8232.65225980002,70.073
TCA,2015,25736.101625461,77.321
TCA,2016,26946.4178520162,77.437
TCA,2017,25614.8372710646,77.505
TCA,2018,31625.616593277,77.596
TCA,2019,31780.5217068989,77.691
TCA,2020,20690.9160546118,77.499
TCA,2021,27329.2885087196,77.234
TCA,2022,31280.5418020808,77.918
TCA,2023,35470.2151608295,78.008
TUV,2015,3357.83417700071,65.365
TUV,2016,3808.69755015909,65.51
TUV,2017,4165.66338700106,65.683
TUV,2018,4466.12034928245,65.871
TUV,2019,5115.13075950206,66.109
TUV,2020,4976.11254109571,66.357
TUV,2021,5905.08198095343,65.824
TUV,2022,5911.32727055301,66.852
TUV,2023,6344.7750188689,67.105
UGA,2015,862.934610355811,63.831
UGA,2016,752.696571725656,64.494
UGA,2017,765.218332297361,65.174
UGA,2018,792.16570022814,65.775
UGA,2019,822.171150141651,66.354
UGA,2020,845.76646385001,66.41
UGA,2021,882.791717442001,66.45
UGA,2022,963.067314233497,67.675
UGA,2023,1002.30913908852,68.252
UKR,2015,2094.47387695313,72.686
UKR,2016,2158.46118164063,73.389
UKR,2017,2604.28759765625,73.993
UKR,2018,3059.0517578125,73.569
UKR,2019,3619.86157226563,73.92
UKR,2020,3709.76928710938,73.283
UKR,2021,4775.94580078125,71.631
UKR,2022,4199.6708984375,72.658
UKR,2023,5139.59814453125,73.422
ARE,2015,43534.9972694631,82.076
ARE,2016,41326.4018161569,82.195
ARE,2017,42340.5917160161,82.388
ARE,2018,45689.8570049401,82.449
ARE,2019,44251.4541398817,82.596
ARE,2020,37173.8754093066,81.936
ARE,2021,43360.0211001327,79.083
ARE,2022,49899.0652975197,80.487
ARE,2023,49040.6947521035,82.909
GBR,2015,44983.885522934,80.9560975609756
GBR,2016,40988.1044233026,81.1560975609756
GBR,2017,40629.2340347345,81.2560975609756
GBR,2018,43315.4874501318,81.2560975609756
GBR,2019,42794.0022648288,81.3691219512195
GBR,2020,40404.8062238951,80.331756097561
GBR,2021,46926.475736105,80.6473170731707
GBR,2022,46062.9914079698,81.0112195121951
GBR,2023,49200.8101526146,81.2380975609756
USA,2015,56849.4697923159,78.690243902439
USA,2016,57976.628204291,78.5390243902439
USA,2017,60047.7190728307,78.5390243902439
USA,2018,62875.6661382728,78.6390243902439
USA,2019,65227.9565911038,78.7878048780488
USA,2020,64401.5074354212,76.9804878048781
USA,2021,71307.4017277218,76.3292682926829
USA,2022,77860.9112908848,77.4341463414634
USA,2023,82304.6204272866,78.3853658536585
URY,2015,17125.9016800298,77.285
URY,2016,17009.7584207276,77.351
URY,2017,19184.6502617082,77.618
URY,2018,19249.9404677501,77.527
URY,2019,18315.7316980028,77.503
URY,2020,15757.5355995779,78.381
URY,2021,17881.818721099,75.434
URY,2022,20818.6146091144,76.468
URY,2023,23019.4221560046,78.138
UZB,2015,2803.19018021751,71.33
UZB,2016,2753.37951427589,71.58
UZB,2017,2190.60411562888,71.737
UZB,2018,1813.08530813664,71.999
UZB,2019,2041.38480729431,72.093
UZB,2020,1978.28051860763,71.461
UZB,2021,2258.51964119278,71.681
UZB,2022,2578.66689394219,72.147
UZB,2023,2878.96879292451,72.388
VUT,2015,2854.89412272653,70.163
VUT,2016,2956.12644801489,70.397
VUT,2017,3159.86055790126,70.5
VUT,2018,3206.65748718811,70.626
VUT,2019,3207.44650452083,70.783
VUT,2020,3042.98711598286,70.385
VUT,2021,3211.71947349318,69.952
VUT,2022,3292.34108821237,71.302
VUT,2023,3515.23633611798,71.477
VNM,2015,2577.56885340113,73.955
VNM,2016,2735.0604380416,73.984
VNM,2017,2956.10992127753,74.026
VNM,2018,3222.31003125366,74.1
VNM,2019,3440.90025375434,74.211
VNM,2020,3534.03953482647,75.383
VNM,2021,3704.1935590038,74.145
VNM,2022,4147.69777213621,74.502
VNM,2023,4323.35031982451,74.588
VIR,2015,34007.3529411765,79.0170731707317
VIR,2016,35324.9748874586,79.1682926829268
VIR,2017,35365.0693039774,79.3682926829268
VIR,2018,36663.2087550584,79.5195121951219
VIR,2019,38633.5298915336,79.6682926829268
VIR,2020,39787.3741650202,79.819512195122
VIR,2021,42571.0777368471,80.0682926829268
VIR,2022,44320.909185774,80.319512195122
PSE,2015,3272.15432360708,74.577
PSE,2016,3527.61382413178,74.917
PSE,2017,3620.36048715937,75.216
PSE,2018,3562.33094270256,75.38
PSE,2019,3656.85827137011,75.811
PSE,2020,3233.56863835858,74.998
PSE,2021,3678.63565662194,73.89
PSE,2022,3799.95527015163,76.662
PSE,2023,3455.02852911712,65.17
YEM,2015,1362.17381205593,66.761
YEM,2016,975.359417003225,67.105
YEM,2017,811.165970405745,67.12
YEM,2018,633.887202450998,65.915
ZMB,2015,1295.87788680068,60.728
ZMB,2016,1239.08527877713,61.129
ZMB,2017,1483.46577328065,61.564
ZMB,2018,1463.89997855593,62.138
ZMB,2019,1258.98619844462,62.914
ZMB,2020,951.644316655957,63.361
ZMB,2021,1127.16077872857,62.363
ZMB,2022,1447.12310138035,65.279
ZMB,2023,1330.72780576709,66.349
ZWE,2015,1386.41855927575,58.989
ZWE,2016,1407.42096413212,59.76
ZWE,2017,3448.08699068824,60.263
ZWE,2018,2271.85250365817,60.906
ZWE,2019,1683.91313584141,61.06
ZWE,2020,1730.45391034701,61.53
ZWE,2021,1724.38727102272,60.135
ZWE,2022,2040.54658705395,62.36
ZWE,2023,2156.03409322984,62.775
